AID,package name,class token,class name,method type,method token,method name,method signature
0D0E0A0D0B0E0E0F,javacard.framework,0,AppletEvent,virtual,0,uninstall,()
0D0E0A0D0B0E0E0F,javacard.framework,1,ISO7816
0D0E0A0D0B0E0E0F,javacard.framework,2,MultiSelectable,virtual,0,select,(boolean)
0D0E0A0D0B0E0E0F,javacard.framework,2,MultiSelectable,virtual,1,deselect,(boolean)
0D0E0A0D0B0E0E0F,javacard.framework,3,PIN,virtual,0,getTriesRemaining,()
0D0E0A0D0B0E0E0F,javacard.framework,3,PIN,virtual,1,check,(byte[];short;byte)
0D0E0A0D0B0E0E0F,javacard.framework,3,PIN,virtual,2,isValidated,()
0D0E0A0D0B0E0E0F,javacard.framework,3,PIN,virtual,3,reset,()
0D0E0A0D0B0E0E0F,javacard.framework,4,OwnerPINx,virtual,0,getTriesRemaining,()
0D0E0A0D0B0E0E0F,javacard.framework,4,OwnerPINx,virtual,1,check,(byte[];short;byte)
0D0E0A0D0B0E0E0F,javacard.framework,4,OwnerPINx,virtual,2,isValidated,()
0D0E0A0D0B0E0E0F,javacard.framework,4,OwnerPINx,virtual,3,reset,()
0D0E0A0D0B0E0E0F,javacard.framework,4,OwnerPINx,virtual,4,update,(byte[];short;byte)
0D0E0A0D0B0E0E0F,javacard.framework,4,OwnerPINx,virtual,5,getTryLimit,()
0D0E0A0D0B0E0E0F,javacard.framework,4,OwnerPINx,virtual,6,setTryLimit,(byte)
0D0E0A0D0B0E0E0F,javacard.framework,4,OwnerPINx,virtual,7,setTriesRemaining,(byte)
0D0E0A0D0B0E0E0F,javacard.framework,5,OwnerPINxWithPredecrement,virtual,0,getTriesRemaining,()
0D0E0A0D0B0E0E0F,javacard.framework,5,OwnerPINxWithPredecrement,virtual,1,check,(byte[];short;byte)
0D0E0A0D0B0E0E0F,javacard.framework,5,OwnerPINxWithPredecrement,virtual,2,isValidated,()
0D0E0A0D0B0E0E0F,javacard.framework,5,OwnerPINxWithPredecrement,virtual,3,reset,()
0D0E0A0D0B0E0E0F,javacard.framework,5,OwnerPINxWithPredecrement,virtual,4,update,(byte[];short;byte)
0D0E0A0D0B0E0E0F,javacard.framework,5,OwnerPINxWithPredecrement,virtual,5,getTryLimit,()
0D0E0A0D0B0E0E0F,javacard.framework,5,OwnerPINxWithPredecrement,virtual,6,setTryLimit,(byte)
0D0E0A0D0B0E0E0F,javacard.framework,5,OwnerPINxWithPredecrement,virtual,7,setTriesRemaining,(byte)
0D0E0A0D0B0E0E0F,javacard.framework,5,OwnerPINxWithPredecrement,virtual,8,decrementTriesRemaining,()
0D0E0A0D0B0E0E0F,javacard.framework,6,Shareable
0D0E0A0D0B0E0E0F,javacard.framework,7,CardRuntimeException,static,1,throwIt,(short)
0D0E0A0D0B0E0E0F,javacard.framework,7,CardRuntimeException,virtual,1,getReason,()
0D0E0A0D0B0E0E0F,javacard.framework,7,CardRuntimeException,virtual,2,setReason,(short)
0D0E0A0D0B0E0E0F,javacard.framework,8,JCSystem,static,0,isTransient,(java.lang.Object)
0D0E0A0D0B0E0E0F,javacard.framework,8,JCSystem,static,1,makeTransientBooleanArray,(short;byte)
0D0E0A0D0B0E0E0F,javacard.framework,8,JCSystem,static,2,makeTransientByteArray,(short;byte)
0D0E0A0D0B0E0E0F,javacard.framework,8,JCSystem,static,3,makeTransientShortArray,(short;byte)
0D0E0A0D0B0E0E0F,javacard.framework,8,JCSystem,static,4,makeTransientObjectArray,(short;byte)
0D0E0A0D0B0E0E0F,javacard.framework,8,JCSystem,static,5,makeGlobalArray,(byte;short)
0D0E0A0D0B0E0E0F,javacard.framework,8,JCSystem,static,6,makeArrayView,(java.lang.Object;short;short;short;javacard.framework.Shareable)
0D0E0A0D0B0E0E0F,javacard.framework,8,JCSystem,static,7,makeBooleanArrayView,(boolean[];short;short;short;javacard.framework.Shareable)
0D0E0A0D0B0E0E0F,javacard.framework,8,JCSystem,static,8,makeByteArrayView,(byte[];short;short;short;javacard.framework.Shareable)
0D0E0A0D0B0E0E0F,javacard.framework,8,JCSystem,static,9,makeShortArrayView,(short[];short;short;short;javacard.framework.Shareable)
0D0E0A0D0B0E0E0F,javacard.framework,8,JCSystem,static,10,isArrayView,(java.lang.Object)
0D0E0A0D0B0E0E0F,javacard.framework,8,JCSystem,static,11,getAttributes,(java.lang.Object)
0D0E0A0D0B0E0E0F,javacard.framework,8,JCSystem,static,12,getVersion,()
0D0E0A0D0B0E0E0F,javacard.framework,8,JCSystem,static,13,getAID,()
0D0E0A0D0B0E0E0F,javacard.framework,8,JCSystem,static,14,lookupAID,(byte[];short;byte)
0D0E0A0D0B0E0E0F,javacard.framework,8,JCSystem,static,15,beginTransaction,()
0D0E0A0D0B0E0E0F,javacard.framework,8,JCSystem,static,16,abortTransaction,()
0D0E0A0D0B0E0E0F,javacard.framework,8,JCSystem,static,17,commitTransaction,()
0D0E0A0D0B0E0E0F,javacard.framework,8,JCSystem,static,18,getTransactionDepth,()
0D0E0A0D0B0E0E0F,javacard.framework,8,JCSystem,static,19,getUnusedCommitCapacity,()
0D0E0A0D0B0E0E0F,javacard.framework,8,JCSystem,static,20,getMaxCommitCapacity,()
0D0E0A0D0B0E0E0F,javacard.framework,8,JCSystem,static,21,getPreviousContextAID,()
0D0E0A0D0B0E0E0F,javacard.framework,8,JCSystem,static,22,getAvailableMemory,(byte)
0D0E0A0D0B0E0E0F,javacard.framework,8,JCSystem,static,23,getAvailableMemory,(short[];short;byte)
0D0E0A0D0B0E0E0F,javacard.framework,8,JCSystem,static,24,getAvailableMemory,(byte[];short;byte)
0D0E0A0D0B0E0E0F,javacard.framework,8,JCSystem,static,25,getAppletShareableInterfaceObject,(javacard.framework.AID;byte)
0D0E0A0D0B0E0E0F,javacard.framework,8,JCSystem,static,26,isObjectDeletionSupported,()
0D0E0A0D0B0E0E0F,javacard.framework,8,JCSystem,static,27,requestObjectDeletion,()
0D0E0A0D0B0E0E0F,javacard.framework,8,JCSystem,static,28,getAssignedChannel,()
0D0E0A0D0B0E0E0F,javacard.framework,8,JCSystem,static,29,isAppletActive,(javacard.framework.AID)
0D0E0A0D0B0E0E0F,javacard.framework,9,APDUException,static,1,throwIt,(short)
0D0E0A0D0B0E0E0F,javacard.framework,9,APDUException,virtual,1,getReason,()
0D0E0A0D0B0E0E0F,javacard.framework,9,APDUException,virtual,2,setReason,(short)
0D0E0A0D0B0E0E0F,javacard.framework,10,OwnerPIN,virtual,1,getValidatedFlag,()
0D0E0A0D0B0E0E0F,javacard.framework,10,OwnerPIN,virtual,2,setValidatedFlag,(boolean)
0D0E0A0D0B0E0E0F,javacard.framework,10,OwnerPIN,virtual,3,getTriesRemaining,()
0D0E0A0D0B0E0E0F,javacard.framework,10,OwnerPIN,virtual,4,check,(byte[];short;byte)
0D0E0A0D0B0E0E0F,javacard.framework,10,OwnerPIN,virtual,5,isValidated,()
0D0E0A0D0B0E0E0F,javacard.framework,10,OwnerPIN,virtual,6,reset,()
0D0E0A0D0B0E0E0F,javacard.framework,10,OwnerPIN,virtual,7,update,(byte[];short;byte)
0D0E0A0D0B0E0E0F,javacard.framework,10,OwnerPIN,virtual,8,resetAndUnblock,()
0D0E0A0D0B0E0E0F,javacard.framework,11,OwnerPINBuilder,static,0,buildOwnerPIN,(byte;byte;byte)
0D0E0A0D0B0E0E0F,javacard.framework,12,Applet,static,1,install,(byte[];short;byte)
0D0E0A0D0B0E0E0F,javacard.framework,12,Applet,static,2,reSelectingApplet,()
0D0E0A0D0B0E0E0F,javacard.framework,12,Applet,virtual,1,register,()
0D0E0A0D0B0E0E0F,javacard.framework,12,Applet,virtual,2,register,(byte[];short;byte)
0D0E0A0D0B0E0E0F,javacard.framework,12,Applet,virtual,3,selectingApplet,()
0D0E0A0D0B0E0E0F,javacard.framework,12,Applet,virtual,4,select,()
0D0E0A0D0B0E0E0F,javacard.framework,12,Applet,virtual,5,deselect,()
0D0E0A0D0B0E0E0F,javacard.framework,12,Applet,virtual,6,getShareableInterfaceObject,(javacard.framework.AID;byte)
0D0E0A0D0B0E0E0F,javacard.framework,12,Applet,virtual,7,process,(javacard.framework.APDU)
0D0E0A0D0B0E0E0F,javacard.framework,13,APDU,static,0,getInBlockSize,()
0D0E0A0D0B0E0E0F,javacard.framework,13,APDU,static,1,getOutBlockSize,()
0D0E0A0D0B0E0E0F,javacard.framework,13,APDU,static,2,getProtocol,()
0D0E0A0D0B0E0E0F,javacard.framework,13,APDU,static,3,getCurrentAPDU,()
0D0E0A0D0B0E0E0F,javacard.framework,13,APDU,static,4,getCurrentAPDUBuffer,()
0D0E0A0D0B0E0E0F,javacard.framework,13,APDU,static,5,getCLAChannel,()
0D0E0A0D0B0E0E0F,javacard.framework,13,APDU,static,6,waitExtension,()
0D0E0A0D0B0E0E0F,javacard.framework,13,APDU,virtual,1,getBuffer,()
0D0E0A0D0B0E0E0F,javacard.framework,13,APDU,virtual,2,getNAD,()
0D0E0A0D0B0E0E0F,javacard.framework,13,APDU,virtual,3,setOutgoing,()
0D0E0A0D0B0E0E0F,javacard.framework,13,APDU,virtual,4,setOutgoingNoChaining,()
0D0E0A0D0B0E0E0F,javacard.framework,13,APDU,virtual,5,setOutgoingLength,(short)
0D0E0A0D0B0E0E0F,javacard.framework,13,APDU,virtual,6,receiveBytes,(short)
0D0E0A0D0B0E0E0F,javacard.framework,13,APDU,virtual,7,setIncomingAndReceive,()
0D0E0A0D0B0E0E0F,javacard.framework,13,APDU,virtual,8,sendBytes,(short;short)
0D0E0A0D0B0E0E0F,javacard.framework,13,APDU,virtual,9,sendBytesLong,(byte[];short;short)
0D0E0A0D0B0E0E0F,javacard.framework,13,APDU,virtual,10,setOutgoingAndSend,(short;short)
0D0E0A0D0B0E0E0F,javacard.framework,13,APDU,virtual,11,getCurrentState,()
0D0E0A0D0B0E0E0F,javacard.framework,13,APDU,virtual,12,isCommandChainingCLA,()
0D0E0A0D0B0E0E0F,javacard.framework,13,APDU,virtual,13,isSecureMessagingCLA,()
0D0E0A0D0B0E0E0F,javacard.framework,13,APDU,virtual,14,isISOInterindustryCLA,()
0D0E0A0D0B0E0E0F,javacard.framework,13,APDU,virtual,15,isValidCLA,()
0D0E0A0D0B0E0E0F,javacard.framework,13,APDU,virtual,16,getIncomingLength,()
0D0E0A0D0B0E0E0F,javacard.framework,13,APDU,virtual,17,getOffsetCdata,()
0D0E0A0D0B0E0E0F,javacard.framework,13,APDU,virtual,18,getLogicalChannelEncoding,()
0D0E0A0D0B0E0E0F,javacard.framework,14,CardException,static,1,throwIt,(short)
0D0E0A0D0B0E0E0F,javacard.framework,14,CardException,virtual,1,getReason,()
0D0E0A0D0B0E0E0F,javacard.framework,14,CardException,virtual,2,setReason,(short)
0D0E0A0D0B0E0E0F,javacard.framework,15,PINException,static,1,throwIt,(short)
0D0E0A0D0B0E0E0F,javacard.framework,15,PINException,virtual,1,getReason,()
0D0E0A0D0B0E0E0F,javacard.framework,15,PINException,virtual,2,setReason,(short)
0D0E0A0D0B0E0E0F,javacard.framework,16,Resources,static,0,getResources,()
0D0E0A0D0B0E0E0F,javacard.framework,16,Resources,virtual,1,getSize,(short)
0D0E0A0D0B0E0E0F,javacard.framework,16,Resources,virtual,2,getView,(short)
0D0E0A0D0B0E0E0F,javacard.framework,16,Resources,virtual,3,getView,(short;short;short)
0D0E0A0D0B0E0E0F,javacard.framework,17,SensitiveArrays,static,0,assertIntegrity,(java.lang.Object)
0D0E0A0D0B0E0E0F,javacard.framework,17,SensitiveArrays,static,1,isIntegritySensitive,(java.lang.Object)
0D0E0A0D0B0E0E0F,javacard.framework,17,SensitiveArrays,static,2,isIntegritySensitiveArraysSupported,()
0D0E0A0D0B0E0E0F,javacard.framework,17,SensitiveArrays,static,3,makeIntegritySensitiveArray,(byte;byte;short)
0D0E0A0D0B0E0E0F,javacard.framework,17,SensitiveArrays,static,4,clearArray,(java.lang.Object)
0D0E0A0D0B0E0E0F,javacard.framework,18,ISOException,static,1,throwIt,(short)
0D0E0A0D0B0E0E0F,javacard.framework,18,ISOException,virtual,1,getReason,()
0D0E0A0D0B0E0E0F,javacard.framework,18,ISOException,virtual,2,setReason,(short)
0D0E0A0D0B0E0E0F,javacard.framework,19,AID,virtual,1,getBytes,(byte[];short)
0D0E0A0D0B0E0E0F,javacard.framework,19,AID,virtual,3,partialEquals,(byte[];short;byte)
0D0E0A0D0B0E0E0F,javacard.framework,19,AID,virtual,4,RIDEquals,(javacard.framework.AID)
0D0E0A0D0B0E0E0F,javacard.framework,19,AID,virtual,5,getPartialBytes,(short;byte[];short;byte)
0D0E0A0D0B0E0E0F,javacard.framework,20,SystemException,static,1,throwIt,(short)
0D0E0A0D0B0E0E0F,javacard.framework,20,SystemException,virtual,1,getReason,()
0D0E0A0D0B0E0E0F,javacard.framework,20,SystemException,virtual,2,setReason,(short)
0D0E0A0D0B0E0E0F,javacard.framework,21,TransactionException,static,1,throwIt,(short)
0D0E0A0D0B0E0E0F,javacard.framework,21,TransactionException,virtual,1,getReason,()
0D0E0A0D0B0E0E0F,javacard.framework,21,TransactionException,virtual,2,setReason,(short)
0D0E0A0D0B0E0E0F,javacard.framework,22,UserException,static,2,throwIt,(short)
0D0E0A0D0B0E0E0F,javacard.framework,22,UserException,virtual,1,getReason,()
0D0E0A0D0B0E0E0F,javacard.framework,22,UserException,virtual,2,setReason,(short)
0D0E0A0D0B0E0E0F,javacard.framework,23,Util,static,0,arrayCopy,(byte[];short;byte[];short;short)
0D0E0A0D0B0E0E0F,javacard.framework,23,Util,static,1,arrayCopyNonAtomic,(byte[];short;byte[];short;short)
0D0E0A0D0B0E0E0F,javacard.framework,23,Util,static,2,arrayFill,(byte[];short;short;byte)
0D0E0A0D0B0E0E0F,javacard.framework,23,Util,static,3,arrayFillNonAtomic,(byte[];short;short;byte)
0D0E0A0D0B0E0E0F,javacard.framework,23,Util,static,4,arrayCompare,(byte[];short;byte[];short;short)
0D0E0A0D0B0E0E0F,javacard.framework,23,Util,static,5,makeShort,(byte;byte)
0D0E0A0D0B0E0E0F,javacard.framework,23,Util,static,6,getShort,(byte[];short)
0D0E0A0D0B0E0E0F,javacard.framework,23,Util,static,7,setShort,(byte[];short;short)
0D0E0A0D0B0E0E0F,javacard.framework.service,0,Service,virtual,0,processDataIn,(javacard.framework.APDU)
0D0E0A0D0B0E0E0F,javacard.framework.service,0,Service,virtual,1,processCommand,(javacard.framework.APDU)
0D0E0A0D0B0E0E0F,javacard.framework.service,0,Service,virtual,2,processDataOut,(javacard.framework.APDU)
0D0E0A0D0B0E0E0F,javacard.framework.service,1,SecurityService,virtual,0,processDataIn,(javacard.framework.APDU)
0D0E0A0D0B0E0E0F,javacard.framework.service,1,SecurityService,virtual,1,processCommand,(javacard.framework.APDU)
0D0E0A0D0B0E0E0F,javacard.framework.service,1,SecurityService,virtual,2,processDataOut,(javacard.framework.APDU)
0D0E0A0D0B0E0E0F,javacard.framework.service,1,SecurityService,virtual,3,isAuthenticated,(short)
0D0E0A0D0B0E0E0F,javacard.framework.service,1,SecurityService,virtual,4,isChannelSecure,(byte)
0D0E0A0D0B0E0E0F,javacard.framework.service,1,SecurityService,virtual,5,isCommandSecure,(byte)
0D0E0A0D0B0E0E0F,javacard.framework.service,2,RemoteService,virtual,0,processDataIn,(javacard.framework.APDU)
0D0E0A0D0B0E0E0F,javacard.framework.service,2,RemoteService,virtual,1,processCommand,(javacard.framework.APDU)
0D0E0A0D0B0E0E0F,javacard.framework.service,2,RemoteService,virtual,2,processDataOut,(javacard.framework.APDU)
0D0E0A0D0B0E0E0F,javacard.framework.service,3,BasicService,virtual,1,processDataIn,(javacard.framework.APDU)
0D0E0A0D0B0E0E0F,javacard.framework.service,3,BasicService,virtual,2,processCommand,(javacard.framework.APDU)
0D0E0A0D0B0E0E0F,javacard.framework.service,3,BasicService,virtual,3,processDataOut,(javacard.framework.APDU)
0D0E0A0D0B0E0E0F,javacard.framework.service,3,BasicService,virtual,4,receiveInData,(javacard.framework.APDU)
0D0E0A0D0B0E0E0F,javacard.framework.service,3,BasicService,virtual,5,setProcessed,(javacard.framework.APDU)
0D0E0A0D0B0E0E0F,javacard.framework.service,3,BasicService,virtual,6,isProcessed,(javacard.framework.APDU)
0D0E0A0D0B0E0E0F,javacard.framework.service,3,BasicService,virtual,7,setOutputLength,(javacard.framework.APDU;short)
0D0E0A0D0B0E0E0F,javacard.framework.service,3,BasicService,virtual,8,getOutputLength,(javacard.framework.APDU)
0D0E0A0D0B0E0E0F,javacard.framework.service,3,BasicService,virtual,9,setStatusWord,(javacard.framework.APDU;short)
0D0E0A0D0B0E0E0F,javacard.framework.service,3,BasicService,virtual,10,getStatusWord,(javacard.framework.APDU)
0D0E0A0D0B0E0E0F,javacard.framework.service,3,BasicService,virtual,11,fail,(javacard.framework.APDU;short)
0D0E0A0D0B0E0E0F,javacard.framework.service,3,BasicService,virtual,12,succeed,(javacard.framework.APDU)
0D0E0A0D0B0E0E0F,javacard.framework.service,3,BasicService,virtual,13,succeedWithStatusWord,(javacard.framework.APDU;short)
0D0E0A0D0B0E0E0F,javacard.framework.service,3,BasicService,virtual,14,getCLA,(javacard.framework.APDU)
0D0E0A0D0B0E0E0F,javacard.framework.service,3,BasicService,virtual,15,getINS,(javacard.framework.APDU)
0D0E0A0D0B0E0E0F,javacard.framework.service,3,BasicService,virtual,16,getP1,(javacard.framework.APDU)
0D0E0A0D0B0E0E0F,javacard.framework.service,3,BasicService,virtual,17,getP2,(javacard.framework.APDU)
0D0E0A0D0B0E0E0F,javacard.framework.service,3,BasicService,virtual,18,selectingApplet,()
0D0E0A0D0B0E0E0F,javacard.framework.service,4,RMIService,virtual,1,processDataIn,(javacard.framework.APDU)
0D0E0A0D0B0E0E0F,javacard.framework.service,4,RMIService,virtual,2,processCommand,(javacard.framework.APDU)
0D0E0A0D0B0E0E0F,javacard.framework.service,4,RMIService,virtual,3,processDataOut,(javacard.framework.APDU)
0D0E0A0D0B0E0E0F,javacard.framework.service,4,RMIService,virtual,4,receiveInData,(javacard.framework.APDU)
0D0E0A0D0B0E0E0F,javacard.framework.service,4,RMIService,virtual,5,setProcessed,(javacard.framework.APDU)
0D0E0A0D0B0E0E0F,javacard.framework.service,4,RMIService,virtual,6,isProcessed,(javacard.framework.APDU)
0D0E0A0D0B0E0E0F,javacard.framework.service,4,RMIService,virtual,7,setOutputLength,(javacard.framework.APDU;short)
0D0E0A0D0B0E0E0F,javacard.framework.service,4,RMIService,virtual,8,getOutputLength,(javacard.framework.APDU)
0D0E0A0D0B0E0E0F,javacard.framework.service,4,RMIService,virtual,9,setStatusWord,(javacard.framework.APDU;short)
0D0E0A0D0B0E0E0F,javacard.framework.service,4,RMIService,virtual,10,getStatusWord,(javacard.framework.APDU)
0D0E0A0D0B0E0E0F,javacard.framework.service,4,RMIService,virtual,11,fail,(javacard.framework.APDU;short)
0D0E0A0D0B0E0E0F,javacard.framework.service,4,RMIService,virtual,12,succeed,(javacard.framework.APDU)
0D0E0A0D0B0E0E0F,javacard.framework.service,4,RMIService,virtual,13,succeedWithStatusWord,(javacard.framework.APDU;short)
0D0E0A0D0B0E0E0F,javacard.framework.service,4,RMIService,virtual,14,getCLA,(javacard.framework.APDU)
0D0E0A0D0B0E0E0F,javacard.framework.service,4,RMIService,virtual,15,getINS,(javacard.framework.APDU)
0D0E0A0D0B0E0E0F,javacard.framework.service,4,RMIService,virtual,16,getP1,(javacard.framework.APDU)
0D0E0A0D0B0E0E0F,javacard.framework.service,4,RMIService,virtual,17,getP2,(javacard.framework.APDU)
0D0E0A0D0B0E0E0F,javacard.framework.service,4,RMIService,virtual,18,selectingApplet,()
0D0E0A0D0B0E0E0F,javacard.framework.service,4,RMIService,virtual,19,setInvokeInstructionByte,(byte)
0D0E0A0D0B0E0E0F,javacard.framework.service,5,CardRemoteObject,static,1,export,(java.rmi.Remote)
0D0E0A0D0B0E0E0F,javacard.framework.service,5,CardRemoteObject,static,2,unexport,(java.rmi.Remote)
0D0E0A0D0B0E0E0F,javacard.framework.service,6,Dispatcher,virtual,1,addService,(javacard.framework.service.Service;byte)
0D0E0A0D0B0E0E0F,javacard.framework.service,6,Dispatcher,virtual,2,removeService,(javacard.framework.service.Service;byte)
0D0E0A0D0B0E0E0F,javacard.framework.service,6,Dispatcher,virtual,3,dispatch,(javacard.framework.APDU;byte)
0D0E0A0D0B0E0E0F,javacard.framework.service,6,Dispatcher,virtual,4,process,(javacard.framework.APDU)
0D0E0A0D0B0E0E0F,javacard.framework.service,7,ServiceException,static,1,throwIt,(short)
0D0E0A0D0B0E0E0F,javacard.framework.service,7,ServiceException,virtual,1,getReason,()
0D0E0A0D0B0E0E0F,javacard.framework.service,7,ServiceException,virtual,2,setReason,(short)
0D0E0A0D0B0E0E0F,javacard.security,0,Key,virtual,0,isInitialized,()
0D0E0A0D0B0E0E0F,javacard.security,0,Key,virtual,1,clearKey,()
0D0E0A0D0B0E0E0F,javacard.security,0,Key,virtual,2,getType,()
0D0E0A0D0B0E0E0F,javacard.security,0,Key,virtual,3,getSize,()
0D0E0A0D0B0E0E0F,javacard.security,1,AlgorithmParameterSpec
0D0E0A0D0B0E0E0F,javacard.security,2,SecretKey,virtual,0,isInitialized,()
0D0E0A0D0B0E0E0F,javacard.security,2,SecretKey,virtual,1,clearKey,()
0D0E0A0D0B0E0E0F,javacard.security,2,SecretKey,virtual,2,getType,()
0D0E0A0D0B0E0E0F,javacard.security,2,SecretKey,virtual,3,getSize,()
0D0E0A0D0B0E0E0F,javacard.security,3,DHKey,virtual,0,setP,(byte[];short;short)
0D0E0A0D0B0E0E0F,javacard.security,3,DHKey,virtual,1,setQ,(byte[];short;short)
0D0E0A0D0B0E0E0F,javacard.security,3,DHKey,virtual,2,setG,(byte[];short;short)
0D0E0A0D0B0E0E0F,javacard.security,3,DHKey,virtual,3,getP,(byte[];short)
0D0E0A0D0B0E0E0F,javacard.security,3,DHKey,virtual,4,getQ,(byte[];short)
0D0E0A0D0B0E0E0F,javacard.security,3,DHKey,virtual,5,getG,(byte[];short)
0D0E0A0D0B0E0E0F,javacard.security,4,PrivateKey,virtual,0,isInitialized,()
0D0E0A0D0B0E0E0F,javacard.security,4,PrivateKey,virtual,1,clearKey,()
0D0E0A0D0B0E0E0F,javacard.security,4,PrivateKey,virtual,2,getType,()
0D0E0A0D0B0E0E0F,javacard.security,4,PrivateKey,virtual,3,getSize,()
0D0E0A0D0B0E0E0F,javacard.security,5,PublicKey,virtual,0,isInitialized,()
0D0E0A0D0B0E0E0F,javacard.security,5,PublicKey,virtual,1,clearKey,()
0D0E0A0D0B0E0E0F,javacard.security,5,PublicKey,virtual,2,getType,()
0D0E0A0D0B0E0E0F,javacard.security,5,PublicKey,virtual,3,getSize,()
0D0E0A0D0B0E0E0F,javacard.security,6,DSAKey,virtual,0,setP,(byte[];short;short)
0D0E0A0D0B0E0E0F,javacard.security,6,DSAKey,virtual,1,setQ,(byte[];short;short)
0D0E0A0D0B0E0E0F,javacard.security,6,DSAKey,virtual,2,setG,(byte[];short;short)
0D0E0A0D0B0E0E0F,javacard.security,6,DSAKey,virtual,3,getP,(byte[];short)
0D0E0A0D0B0E0E0F,javacard.security,6,DSAKey,virtual,4,getQ,(byte[];short)
0D0E0A0D0B0E0E0F,javacard.security,6,DSAKey,virtual,5,getG,(byte[];short)
0D0E0A0D0B0E0E0F,javacard.security,7,DSAPrivateKey,virtual,0,isInitialized,()
0D0E0A0D0B0E0E0F,javacard.security,7,DSAPrivateKey,virtual,1,clearKey,()
0D0E0A0D0B0E0E0F,javacard.security,7,DSAPrivateKey,virtual,2,getType,()
0D0E0A0D0B0E0E0F,javacard.security,7,DSAPrivateKey,virtual,3,getSize,()
0D0E0A0D0B0E0E0F,javacard.security,7,DSAPrivateKey,virtual,4,setP,(byte[];short;short)
0D0E0A0D0B0E0E0F,javacard.security,7,DSAPrivateKey,virtual,5,setQ,(byte[];short;short)
0D0E0A0D0B0E0E0F,javacard.security,7,DSAPrivateKey,virtual,6,setG,(byte[];short;short)
0D0E0A0D0B0E0E0F,javacard.security,7,DSAPrivateKey,virtual,7,getP,(byte[];short)
0D0E0A0D0B0E0E0F,javacard.security,7,DSAPrivateKey,virtual,8,getQ,(byte[];short)
0D0E0A0D0B0E0E0F,javacard.security,7,DSAPrivateKey,virtual,9,getG,(byte[];short)
0D0E0A0D0B0E0E0F,javacard.security,7,DSAPrivateKey,virtual,10,setX,(byte[];short;short)
0D0E0A0D0B0E0E0F,javacard.security,7,DSAPrivateKey,virtual,11,getX,(byte[];short)
0D0E0A0D0B0E0E0F,javacard.security,8,DSAPublicKey,virtual,0,isInitialized,()
0D0E0A0D0B0E0E0F,javacard.security,8,DSAPublicKey,virtual,1,clearKey,()
0D0E0A0D0B0E0E0F,javacard.security,8,DSAPublicKey,virtual,2,getType,()
0D0E0A0D0B0E0E0F,javacard.security,8,DSAPublicKey,virtual,3,getSize,()
0D0E0A0D0B0E0E0F,javacard.security,8,DSAPublicKey,virtual,4,setP,(byte[];short;short)
0D0E0A0D0B0E0E0F,javacard.security,8,DSAPublicKey,virtual,5,setQ,(byte[];short;short)
0D0E0A0D0B0E0E0F,javacard.security,8,DSAPublicKey,virtual,6,setG,(byte[];short;short)
0D0E0A0D0B0E0E0F,javacard.security,8,DSAPublicKey,virtual,7,getP,(byte[];short)
0D0E0A0D0B0E0E0F,javacard.security,8,DSAPublicKey,virtual,8,getQ,(byte[];short)
0D0E0A0D0B0E0E0F,javacard.security,8,DSAPublicKey,virtual,9,getG,(byte[];short)
0D0E0A0D0B0E0E0F,javacard.security,8,DSAPublicKey,virtual,10,setY,(byte[];short;short)
0D0E0A0D0B0E0E0F,javacard.security,8,DSAPublicKey,virtual,11,getY,(byte[];short)
0D0E0A0D0B0E0E0F,javacard.security,9,ECKey,virtual,0,setFieldFP,(byte[];short;short)
0D0E0A0D0B0E0E0F,javacard.security,9,ECKey,virtual,1,setFieldF2M,(short)
0D0E0A0D0B0E0E0F,javacard.security,9,ECKey,virtual,2,setFieldF2M,(short;short;short)
0D0E0A0D0B0E0E0F,javacard.security,9,ECKey,virtual,3,setA,(byte[];short;short)
0D0E0A0D0B0E0E0F,javacard.security,9,ECKey,virtual,4,setB,(byte[];short;short)
0D0E0A0D0B0E0E0F,javacard.security,9,ECKey,virtual,5,setG,(byte[];short;short)
0D0E0A0D0B0E0E0F,javacard.security,9,ECKey,virtual,6,setR,(byte[];short;short)
0D0E0A0D0B0E0E0F,javacard.security,9,ECKey,virtual,7,setK,(short)
0D0E0A0D0B0E0E0F,javacard.security,9,ECKey,virtual,8,getField,(byte[];short)
0D0E0A0D0B0E0E0F,javacard.security,9,ECKey,virtual,9,getA,(byte[];short)
0D0E0A0D0B0E0E0F,javacard.security,9,ECKey,virtual,10,getB,(byte[];short)
0D0E0A0D0B0E0E0F,javacard.security,9,ECKey,virtual,11,getG,(byte[];short)
0D0E0A0D0B0E0E0F,javacard.security,9,ECKey,virtual,12,getR,(byte[];short)
0D0E0A0D0B0E0E0F,javacard.security,9,ECKey,virtual,13,getK,()
0D0E0A0D0B0E0E0F,javacard.security,9,ECKey,virtual,14,copyDomainParametersFrom,(javacard.security.ECKey)
0D0E0A0D0B0E0E0F,javacard.security,10,ECPrivateKey,virtual,0,isInitialized,()
0D0E0A0D0B0E0E0F,javacard.security,10,ECPrivateKey,virtual,1,clearKey,()
0D0E0A0D0B0E0E0F,javacard.security,10,ECPrivateKey,virtual,2,getType,()
0D0E0A0D0B0E0E0F,javacard.security,10,ECPrivateKey,virtual,3,getSize,()
0D0E0A0D0B0E0E0F,javacard.security,10,ECPrivateKey,virtual,4,setFieldFP,(byte[];short;short)
0D0E0A0D0B0E0E0F,javacard.security,10,ECPrivateKey,virtual,5,setFieldF2M,(short)
0D0E0A0D0B0E0E0F,javacard.security,10,ECPrivateKey,virtual,6,setFieldF2M,(short;short;short)
0D0E0A0D0B0E0E0F,javacard.security,10,ECPrivateKey,virtual,7,setA,(byte[];short;short)
0D0E0A0D0B0E0E0F,javacard.security,10,ECPrivateKey,virtual,8,setB,(byte[];short;short)
0D0E0A0D0B0E0E0F,javacard.security,10,ECPrivateKey,virtual,9,setG,(byte[];short;short)
0D0E0A0D0B0E0E0F,javacard.security,10,ECPrivateKey,virtual,10,setR,(byte[];short;short)
0D0E0A0D0B0E0E0F,javacard.security,10,ECPrivateKey,virtual,11,setK,(short)
0D0E0A0D0B0E0E0F,javacard.security,10,ECPrivateKey,virtual,12,getField,(byte[];short)
0D0E0A0D0B0E0E0F,javacard.security,10,ECPrivateKey,virtual,13,getA,(byte[];short)
0D0E0A0D0B0E0E0F,javacard.security,10,ECPrivateKey,virtual,14,getB,(byte[];short)
0D0E0A0D0B0E0E0F,javacard.security,10,ECPrivateKey,virtual,15,getG,(byte[];short)
0D0E0A0D0B0E0E0F,javacard.security,10,ECPrivateKey,virtual,16,getR,(byte[];short)
0D0E0A0D0B0E0E0F,javacard.security,10,ECPrivateKey,virtual,17,getK,()
0D0E0A0D0B0E0E0F,javacard.security,10,ECPrivateKey,virtual,18,copyDomainParametersFrom,(javacard.security.ECKey)
0D0E0A0D0B0E0E0F,javacard.security,10,ECPrivateKey,virtual,19,setS,(byte[];short;short)
0D0E0A0D0B0E0E0F,javacard.security,10,ECPrivateKey,virtual,20,getS,(byte[];short)
0D0E0A0D0B0E0E0F,javacard.security,11,ECPublicKey,virtual,0,isInitialized,()
0D0E0A0D0B0E0E0F,javacard.security,11,ECPublicKey,virtual,1,clearKey,()
0D0E0A0D0B0E0E0F,javacard.security,11,ECPublicKey,virtual,2,getType,()
0D0E0A0D0B0E0E0F,javacard.security,11,ECPublicKey,virtual,3,getSize,()
0D0E0A0D0B0E0E0F,javacard.security,11,ECPublicKey,virtual,4,setFieldFP,(byte[];short;short)
0D0E0A0D0B0E0E0F,javacard.security,11,ECPublicKey,virtual,5,setFieldF2M,(short)
0D0E0A0D0B0E0E0F,javacard.security,11,ECPublicKey,virtual,6,setFieldF2M,(short;short;short)
0D0E0A0D0B0E0E0F,javacard.security,11,ECPublicKey,virtual,7,setA,(byte[];short;short)
0D0E0A0D0B0E0E0F,javacard.security,11,ECPublicKey,virtual,8,setB,(byte[];short;short)
0D0E0A0D0B0E0E0F,javacard.security,11,ECPublicKey,virtual,9,setG,(byte[];short;short)
0D0E0A0D0B0E0E0F,javacard.security,11,ECPublicKey,virtual,10,setR,(byte[];short;short)
0D0E0A0D0B0E0E0F,javacard.security,11,ECPublicKey,virtual,11,setK,(short)
0D0E0A0D0B0E0E0F,javacard.security,11,ECPublicKey,virtual,12,getField,(byte[];short)
0D0E0A0D0B0E0E0F,javacard.security,11,ECPublicKey,virtual,13,getA,(byte[];short)
0D0E0A0D0B0E0E0F,javacard.security,11,ECPublicKey,virtual,14,getB,(byte[];short)
0D0E0A0D0B0E0E0F,javacard.security,11,ECPublicKey,virtual,15,getG,(byte[];short)
0D0E0A0D0B0E0E0F,javacard.security,11,ECPublicKey,virtual,16,getR,(byte[];short)
0D0E0A0D0B0E0E0F,javacard.security,11,ECPublicKey,virtual,17,getK,()
0D0E0A0D0B0E0E0F,javacard.security,11,ECPublicKey,virtual,18,copyDomainParametersFrom,(javacard.security.ECKey)
0D0E0A0D0B0E0E0F,javacard.security,11,ECPublicKey,virtual,19,setW,(byte[];short;short)
0D0E0A0D0B0E0E0F,javacard.security,11,ECPublicKey,virtual,20,getW,(byte[];short)
0D0E0A0D0B0E0E0F,javacard.security,12,GenericSecretKey,virtual,0,isInitialized,()
0D0E0A0D0B0E0E0F,javacard.security,12,GenericSecretKey,virtual,1,clearKey,()
0D0E0A0D0B0E0E0F,javacard.security,12,GenericSecretKey,virtual,2,getType,()
0D0E0A0D0B0E0E0F,javacard.security,12,GenericSecretKey,virtual,3,getSize,()
0D0E0A0D0B0E0E0F,javacard.security,12,GenericSecretKey,virtual,4,setKey,(byte[];short;short)
0D0E0A0D0B0E0E0F,javacard.security,12,GenericSecretKey,virtual,5,getKey,(byte[];short)
0D0E0A0D0B0E0E0F,javacard.security,13,HMACKey,virtual,0,isInitialized,()
0D0E0A0D0B0E0E0F,javacard.security,13,HMACKey,virtual,1,clearKey,()
0D0E0A0D0B0E0E0F,javacard.security,13,HMACKey,virtual,2,getType,()
0D0E0A0D0B0E0E0F,javacard.security,13,HMACKey,virtual,3,getSize,()
0D0E0A0D0B0E0E0F,javacard.security,13,HMACKey,virtual,4,setKey,(byte[];short;short)
0D0E0A0D0B0E0E0F,javacard.security,13,HMACKey,virtual,5,getKey,(byte[];short)
0D0E0A0D0B0E0E0F,javacard.security,14,DESKey,virtual,0,isInitialized,()
0D0E0A0D0B0E0E0F,javacard.security,14,DESKey,virtual,1,clearKey,()
0D0E0A0D0B0E0E0F,javacard.security,14,DESKey,virtual,2,getType,()
0D0E0A0D0B0E0E0F,javacard.security,14,DESKey,virtual,3,getSize,()
0D0E0A0D0B0E0E0F,javacard.security,14,DESKey,virtual,4,setKey,(byte[];short)
0D0E0A0D0B0E0E0F,javacard.security,14,DESKey,virtual,5,getKey,(byte[];short)
0D0E0A0D0B0E0E0F,javacard.security,15,KoreanSEEDKey,virtual,0,isInitialized,()
0D0E0A0D0B0E0E0F,javacard.security,15,KoreanSEEDKey,virtual,1,clearKey,()
0D0E0A0D0B0E0E0F,javacard.security,15,KoreanSEEDKey,virtual,2,getType,()
0D0E0A0D0B0E0E0F,javacard.security,15,KoreanSEEDKey,virtual,3,getSize,()
0D0E0A0D0B0E0E0F,javacard.security,15,KoreanSEEDKey,virtual,4,setKey,(byte[];short)
0D0E0A0D0B0E0E0F,javacard.security,15,KoreanSEEDKey,virtual,5,getKey,(byte[];short)
0D0E0A0D0B0E0E0F,javacard.security,16,PrimalityTestParamSpec,virtual,0,getType,()
0D0E0A0D0B0E0E0F,javacard.security,16,PrimalityTestParamSpec,virtual,1,getRounds,()
0D0E0A0D0B0E0E0F,javacard.security,17,DHPrivateKey,virtual,0,isInitialized,()
0D0E0A0D0B0E0E0F,javacard.security,17,DHPrivateKey,virtual,1,clearKey,()
0D0E0A0D0B0E0E0F,javacard.security,17,DHPrivateKey,virtual,2,getType,()
0D0E0A0D0B0E0E0F,javacard.security,17,DHPrivateKey,virtual,3,getSize,()
0D0E0A0D0B0E0E0F,javacard.security,17,DHPrivateKey,virtual,4,setP,(byte[];short;short)
0D0E0A0D0B0E0E0F,javacard.security,17,DHPrivateKey,virtual,5,setQ,(byte[];short;short)
0D0E0A0D0B0E0E0F,javacard.security,17,DHPrivateKey,virtual,6,setG,(byte[];short;short)
0D0E0A0D0B0E0E0F,javacard.security,17,DHPrivateKey,virtual,7,getP,(byte[];short)
0D0E0A0D0B0E0E0F,javacard.security,17,DHPrivateKey,virtual,8,getQ,(byte[];short)
0D0E0A0D0B0E0E0F,javacard.security,17,DHPrivateKey,virtual,9,getG,(byte[];short)
0D0E0A0D0B0E0E0F,javacard.security,17,DHPrivateKey,virtual,10,setX,(byte[];short;short)
0D0E0A0D0B0E0E0F,javacard.security,17,DHPrivateKey,virtual,11,getX,(byte[];short)
0D0E0A0D0B0E0E0F,javacard.security,18,DHPublicKey,virtual,0,isInitialized,()
0D0E0A0D0B0E0E0F,javacard.security,18,DHPublicKey,virtual,1,clearKey,()
0D0E0A0D0B0E0E0F,javacard.security,18,DHPublicKey,virtual,2,getType,()
0D0E0A0D0B0E0E0F,javacard.security,18,DHPublicKey,virtual,3,getSize,()
0D0E0A0D0B0E0E0F,javacard.security,18,DHPublicKey,virtual,4,setP,(byte[];short;short)
0D0E0A0D0B0E0E0F,javacard.security,18,DHPublicKey,virtual,5,setQ,(byte[];short;short)
0D0E0A0D0B0E0E0F,javacard.security,18,DHPublicKey,virtual,6,setG,(byte[];short;short)
0D0E0A0D0B0E0E0F,javacard.security,18,DHPublicKey,virtual,7,getP,(byte[];short)
0D0E0A0D0B0E0E0F,javacard.security,18,DHPublicKey,virtual,8,getQ,(byte[];short)
0D0E0A0D0B0E0E0F,javacard.security,18,DHPublicKey,virtual,9,getG,(byte[];short)
0D0E0A0D0B0E0E0F,javacard.security,18,DHPublicKey,virtual,10,setY,(byte[];short;short)
0D0E0A0D0B0E0E0F,javacard.security,18,DHPublicKey,virtual,11,getY,(byte[];short)
0D0E0A0D0B0E0E0F,javacard.security,19,RSAPrivateCrtKey,virtual,0,isInitialized,()
0D0E0A0D0B0E0E0F,javacard.security,19,RSAPrivateCrtKey,virtual,1,clearKey,()
0D0E0A0D0B0E0E0F,javacard.security,19,RSAPrivateCrtKey,virtual,2,getType,()
0D0E0A0D0B0E0E0F,javacard.security,19,RSAPrivateCrtKey,virtual,3,getSize,()
0D0E0A0D0B0E0E0F,javacard.security,19,RSAPrivateCrtKey,virtual,4,setP,(byte[];short;short)
0D0E0A0D0B0E0E0F,javacard.security,19,RSAPrivateCrtKey,virtual,5,setQ,(byte[];short;short)
0D0E0A0D0B0E0E0F,javacard.security,19,RSAPrivateCrtKey,virtual,6,setDP1,(byte[];short;short)
0D0E0A0D0B0E0E0F,javacard.security,19,RSAPrivateCrtKey,virtual,7,setDQ1,(byte[];short;short)
0D0E0A0D0B0E0E0F,javacard.security,19,RSAPrivateCrtKey,virtual,8,setPQ,(byte[];short;short)
0D0E0A0D0B0E0E0F,javacard.security,19,RSAPrivateCrtKey,virtual,9,getP,(byte[];short)
0D0E0A0D0B0E0E0F,javacard.security,19,RSAPrivateCrtKey,virtual,10,getQ,(byte[];short)
0D0E0A0D0B0E0E0F,javacard.security,19,RSAPrivateCrtKey,virtual,11,getDP1,(byte[];short)
0D0E0A0D0B0E0E0F,javacard.security,19,RSAPrivateCrtKey,virtual,12,getDQ1,(byte[];short)
0D0E0A0D0B0E0E0F,javacard.security,19,RSAPrivateCrtKey,virtual,13,getPQ,(byte[];short)
0D0E0A0D0B0E0E0F,javacard.security,20,RSAPrivateKey,virtual,0,isInitialized,()
0D0E0A0D0B0E0E0F,javacard.security,20,RSAPrivateKey,virtual,1,clearKey,()
0D0E0A0D0B0E0E0F,javacard.security,20,RSAPrivateKey,virtual,2,getType,()
0D0E0A0D0B0E0E0F,javacard.security,20,RSAPrivateKey,virtual,3,getSize,()
0D0E0A0D0B0E0E0F,javacard.security,20,RSAPrivateKey,virtual,4,setModulus,(byte[];short;short)
0D0E0A0D0B0E0E0F,javacard.security,20,RSAPrivateKey,virtual,5,setExponent,(byte[];short;short)
0D0E0A0D0B0E0E0F,javacard.security,20,RSAPrivateKey,virtual,6,getModulus,(byte[];short)
0D0E0A0D0B0E0E0F,javacard.security,20,RSAPrivateKey,virtual,7,getExponent,(byte[];short)
0D0E0A0D0B0E0E0F,javacard.security,21,RSAPublicKey,virtual,0,isInitialized,()
0D0E0A0D0B0E0E0F,javacard.security,21,RSAPublicKey,virtual,1,clearKey,()
0D0E0A0D0B0E0E0F,javacard.security,21,RSAPublicKey,virtual,2,getType,()
0D0E0A0D0B0E0E0F,javacard.security,21,RSAPublicKey,virtual,3,getSize,()
0D0E0A0D0B0E0E0F,javacard.security,21,RSAPublicKey,virtual,4,setModulus,(byte[];short;short)
0D0E0A0D0B0E0E0F,javacard.security,21,RSAPublicKey,virtual,5,setExponent,(byte[];short;short)
0D0E0A0D0B0E0E0F,javacard.security,21,RSAPublicKey,virtual,6,getModulus,(byte[];short)
0D0E0A0D0B0E0E0F,javacard.security,21,RSAPublicKey,virtual,7,getExponent,(byte[];short)
0D0E0A0D0B0E0E0F,javacard.security,22,SM2KeyAgreementParameterSpec,virtual,0,getInitiatorID,()
0D0E0A0D0B0E0E0F,javacard.security,22,SM2KeyAgreementParameterSpec,virtual,1,getResponderID,()
0D0E0A0D0B0E0E0F,javacard.security,22,SM2KeyAgreementParameterSpec,virtual,2,isInitiator,()
0D0E0A0D0B0E0E0F,javacard.security,22,SM2KeyAgreementParameterSpec,virtual,3,getLength,()
0D0E0A0D0B0E0E0F,javacard.security,22,SM2KeyAgreementParameterSpec,virtual,4,getEphemeralPrivateKey,()
0D0E0A0D0B0E0E0F,javacard.security,22,SM2KeyAgreementParameterSpec,virtual,5,getEphemeralPublicKey,()
0D0E0A0D0B0E0E0F,javacard.security,22,SM2KeyAgreementParameterSpec,virtual,6,getConfirmationValue,()
0D0E0A0D0B0E0E0F,javacard.security,23,SM4Key,virtual,0,isInitialized,()
0D0E0A0D0B0E0E0F,javacard.security,23,SM4Key,virtual,1,clearKey,()
0D0E0A0D0B0E0E0F,javacard.security,23,SM4Key,virtual,2,getType,()
0D0E0A0D0B0E0E0F,javacard.security,23,SM4Key,virtual,3,getSize,()
0D0E0A0D0B0E0E0F,javacard.security,23,SM4Key,virtual,4,setKey,(byte[];short)
0D0E0A0D0B0E0E0F,javacard.security,23,SM4Key,virtual,5,getKey,(byte[];short)
0D0E0A0D0B0E0E0F,javacard.security,24,AESKey,virtual,0,isInitialized,()
0D0E0A0D0B0E0E0F,javacard.security,24,AESKey,virtual,1,clearKey,()
0D0E0A0D0B0E0E0F,javacard.security,24,AESKey,virtual,2,getType,()
0D0E0A0D0B0E0E0F,javacard.security,24,AESKey,virtual,3,getSize,()
0D0E0A0D0B0E0E0F,javacard.security,24,AESKey,virtual,4,setKey,(byte[];short)
0D0E0A0D0B0E0E0F,javacard.security,24,AESKey,virtual,5,getKey,(byte[];short)
0D0E0A0D0B0E0E0F,javacard.security,25,SignatureMessageRecovery,virtual,0,init,(javacard.security.Key;byte)
0D0E0A0D0B0E0E0F,javacard.security,25,SignatureMessageRecovery,virtual,1,beginVerify,(byte[];short;short)
0D0E0A0D0B0E0E0F,javacard.security,25,SignatureMessageRecovery,virtual,2,sign,(byte[];short;short;byte[];short;short[];short)
0D0E0A0D0B0E0E0F,javacard.security,25,SignatureMessageRecovery,virtual,3,verify,(byte[];short;short)
0D0E0A0D0B0E0E0F,javacard.security,25,SignatureMessageRecovery,virtual,4,getAlgorithm,()
0D0E0A0D0B0E0E0F,javacard.security,25,SignatureMessageRecovery,virtual,5,getLength,()
0D0E0A0D0B0E0E0F,javacard.security,25,SignatureMessageRecovery,virtual,6,update,(byte[];short;short)
0D0E0A0D0B0E0E0F,javacard.security,26,XECKey,virtual,0,getParams,()
0D0E0A0D0B0E0E0F,javacard.security,26,XECKey,virtual,1,getEncodingLength,()
0D0E0A0D0B0E0E0F,javacard.security,26,XECKey,virtual,2,getEncoded,(byte[];short)
0D0E0A0D0B0E0E0F,javacard.security,26,XECKey,virtual,3,setEncoded,(byte[];short;short)
0D0E0A0D0B0E0E0F,javacard.security,27,XECPrivateKey,virtual,0,getParams,()
0D0E0A0D0B0E0E0F,javacard.security,27,XECPrivateKey,virtual,1,getEncodingLength,()
0D0E0A0D0B0E0E0F,javacard.security,27,XECPrivateKey,virtual,2,getEncoded,(byte[];short)
0D0E0A0D0B0E0E0F,javacard.security,27,XECPrivateKey,virtual,3,setEncoded,(byte[];short;short)
0D0E0A0D0B0E0E0F,javacard.security,27,XECPrivateKey,virtual,4,isInitialized,()
0D0E0A0D0B0E0E0F,javacard.security,27,XECPrivateKey,virtual,5,clearKey,()
0D0E0A0D0B0E0E0F,javacard.security,27,XECPrivateKey,virtual,6,getType,()
0D0E0A0D0B0E0E0F,javacard.security,27,XECPrivateKey,virtual,7,getSize,()
0D0E0A0D0B0E0E0F,javacard.security,28,XECPublicKey,virtual,0,getParams,()
0D0E0A0D0B0E0E0F,javacard.security,28,XECPublicKey,virtual,1,getEncodingLength,()
0D0E0A0D0B0E0E0F,javacard.security,28,XECPublicKey,virtual,2,getEncoded,(byte[];short)
0D0E0A0D0B0E0E0F,javacard.security,28,XECPublicKey,virtual,3,setEncoded,(byte[];short;short)
0D0E0A0D0B0E0E0F,javacard.security,28,XECPublicKey,virtual,4,isInitialized,()
0D0E0A0D0B0E0E0F,javacard.security,28,XECPublicKey,virtual,5,clearKey,()
0D0E0A0D0B0E0E0F,javacard.security,28,XECPublicKey,virtual,6,getType,()
0D0E0A0D0B0E0E0F,javacard.security,28,XECPublicKey,virtual,7,getSize,()
0D0E0A0D0B0E0E0F,javacard.security,29,KeyAgreement,static,0,getInstance,(byte;boolean)
0D0E0A0D0B0E0E0F,javacard.security,29,KeyAgreement,virtual,1,init,(javacard.security.PrivateKey)
0D0E0A0D0B0E0E0F,javacard.security,29,KeyAgreement,virtual,2,init,(javacard.security.PrivateKey;javacard.security.AlgorithmParameterSpec)
0D0E0A0D0B0E0E0F,javacard.security,29,KeyAgreement,virtual,3,getAlgorithm,()
0D0E0A0D0B0E0E0F,javacard.security,29,KeyAgreement,virtual,4,generateSecret,(byte[];short;short;byte[];short)
0D0E0A0D0B0E0E0F,javacard.security,30,KeyBuilder,static,0,buildKey,(byte;short;boolean)
0D0E0A0D0B0E0E0F,javacard.security,30,KeyBuilder,static,1,buildXECKey,(javacard.security.NamedParameterSpec;short;boolean)
0D0E0A0D0B0E0E0F,javacard.security,30,KeyBuilder,static,2,buildKey,(byte;byte;short;boolean)
0D0E0A0D0B0E0E0F,javacard.security,30,KeyBuilder,static,3,getMemoryType,(javacard.security.Key)
0D0E0A0D0B0E0E0F,javacard.security,30,KeyBuilder,static,4,buildKeyWithSharedDomain,(byte;byte;javacard.security.Key;boolean)
0D0E0A0D0B0E0E0F,javacard.security,31,KeyPair,virtual,1,genKeyPair,()
0D0E0A0D0B0E0E0F,javacard.security,31,KeyPair,virtual,2,genKeyPair,(javacard.security.AlgorithmParameterSpec)
0D0E0A0D0B0E0E0F,javacard.security,31,KeyPair,virtual,3,getPublic,()
0D0E0A0D0B0E0E0F,javacard.security,31,KeyPair,virtual,4,getPrivate,()
0D0E0A0D0B0E0E0F,javacard.security,32,RandomData,static,0,getInstance,(byte)
0D0E0A0D0B0E0E0F,javacard.security,32,RandomData,static,1,getInstance,(byte;boolean)
0D0E0A0D0B0E0E0F,javacard.security,32,RandomData,virtual,1,generateData,(byte[];short;short)
0D0E0A0D0B0E0E0F,javacard.security,32,RandomData,virtual,2,nextBytes,(byte[];short;short)
0D0E0A0D0B0E0E0F,javacard.security,32,RandomData,virtual,3,setSeed,(byte[];short;short)
0D0E0A0D0B0E0E0F,javacard.security,32,RandomData,virtual,4,getAlgorithm,()
0D0E0A0D0B0E0E0F,javacard.security,33,RandomData$OneShot,static,0,open,(byte)
0D0E0A0D0B0E0E0F,javacard.security,33,RandomData$OneShot,virtual,1,generateData,(byte[];short;short)
0D0E0A0D0B0E0E0F,javacard.security,33,RandomData$OneShot,virtual,2,nextBytes,(byte[];short;short)
0D0E0A0D0B0E0E0F,javacard.security,33,RandomData$OneShot,virtual,3,setSeed,(byte[];short;short)
0D0E0A0D0B0E0E0F,javacard.security,33,RandomData$OneShot,virtual,4,getAlgorithm,()
0D0E0A0D0B0E0E0F,javacard.security,33,RandomData$OneShot,virtual,5,close,()
0D0E0A0D0B0E0E0F,javacard.security,34,CryptoException,static,1,throwIt,(short)
0D0E0A0D0B0E0E0F,javacard.security,34,CryptoException,virtual,1,getReason,()
0D0E0A0D0B0E0E0F,javacard.security,34,CryptoException,virtual,2,setReason,(short)
0D0E0A0D0B0E0E0F,javacard.security,35,MessageDigest,static,0,getInstance,(byte;boolean)
0D0E0A0D0B0E0E0F,javacard.security,35,MessageDigest,static,1,getInitializedMessageDigestInstance,(byte;boolean)
0D0E0A0D0B0E0E0F,javacard.security,35,MessageDigest,static,2,isIntermediateMessageDigestSupported,(byte)
0D0E0A0D0B0E0E0F,javacard.security,35,MessageDigest,virtual,1,getAlgorithm,()
0D0E0A0D0B0E0E0F,javacard.security,35,MessageDigest,virtual,2,getLength,()
0D0E0A0D0B0E0E0F,javacard.security,35,MessageDigest,virtual,3,doIntermediateMessageDigest,(byte[];short)
0D0E0A0D0B0E0E0F,javacard.security,35,MessageDigest,virtual,4,doFinal,(byte[];short;short;byte[];short)
0D0E0A0D0B0E0E0F,javacard.security,35,MessageDigest,virtual,5,update,(byte[];short;short)
0D0E0A0D0B0E0E0F,javacard.security,35,MessageDigest,virtual,6,reset,()
0D0E0A0D0B0E0E0F,javacard.security,36,MessageDigest$OneShot,static,0,open,(byte)
0D0E0A0D0B0E0E0F,javacard.security,36,MessageDigest$OneShot,virtual,1,getAlgorithm,()
0D0E0A0D0B0E0E0F,javacard.security,36,MessageDigest$OneShot,virtual,2,getLength,()
0D0E0A0D0B0E0E0F,javacard.security,36,MessageDigest$OneShot,virtual,3,doIntermediateMessageDigest,(byte[];short)
0D0E0A0D0B0E0E0F,javacard.security,36,MessageDigest$OneShot,virtual,4,doFinal,(byte[];short;short;byte[];short)
0D0E0A0D0B0E0E0F,javacard.security,36,MessageDigest$OneShot,virtual,5,update,(byte[];short;short)
0D0E0A0D0B0E0E0F,javacard.security,36,MessageDigest$OneShot,virtual,6,reset,()
0D0E0A0D0B0E0E0F,javacard.security,36,MessageDigest$OneShot,virtual,7,close,()
0D0E0A0D0B0E0E0F,javacard.security,37,Signature,static,0,getInstance,(byte;boolean)
0D0E0A0D0B0E0E0F,javacard.security,37,Signature,static,1,getInstance,(byte;byte;byte;boolean)
0D0E0A0D0B0E0E0F,javacard.security,37,Signature,virtual,1,init,(javacard.security.Key;byte)
0D0E0A0D0B0E0E0F,javacard.security,37,Signature,virtual,2,init,(javacard.security.Key;byte;byte[];short;short)
0D0E0A0D0B0E0E0F,javacard.security,37,Signature,virtual,3,setInitialDigest,(byte[];short;short;byte[];short;short)
0D0E0A0D0B0E0E0F,javacard.security,37,Signature,virtual,4,getAlgorithm,()
0D0E0A0D0B0E0E0F,javacard.security,37,Signature,virtual,5,getMessageDigestAlgorithm,()
0D0E0A0D0B0E0E0F,javacard.security,37,Signature,virtual,6,getCipherAlgorithm,()
0D0E0A0D0B0E0E0F,javacard.security,37,Signature,virtual,7,getPaddingAlgorithm,()
0D0E0A0D0B0E0E0F,javacard.security,37,Signature,virtual,8,getLength,()
0D0E0A0D0B0E0E0F,javacard.security,37,Signature,virtual,9,update,(byte[];short;short)
0D0E0A0D0B0E0E0F,javacard.security,37,Signature,virtual,10,sign,(byte[];short;short;byte[];short)
0D0E0A0D0B0E0E0F,javacard.security,37,Signature,virtual,11,signPreComputedHash,(byte[];short;short;byte[];short)
0D0E0A0D0B0E0E0F,javacard.security,37,Signature,virtual,12,verify,(byte[];short;short;byte[];short;short)
0D0E0A0D0B0E0E0F,javacard.security,37,Signature,virtual,13,verifyPreComputedHash,(byte[];short;short;byte[];short;short)
0D0E0A0D0B0E0E0F,javacard.security,38,Signature$OneShot,static,0,open,(byte;byte;byte)
0D0E0A0D0B0E0E0F,javacard.security,38,Signature$OneShot,virtual,1,init,(javacard.security.Key;byte)
0D0E0A0D0B0E0E0F,javacard.security,38,Signature$OneShot,virtual,2,init,(javacard.security.Key;byte;byte[];short;short)
0D0E0A0D0B0E0E0F,javacard.security,38,Signature$OneShot,virtual,3,setInitialDigest,(byte[];short;short;byte[];short;short)
0D0E0A0D0B0E0E0F,javacard.security,38,Signature$OneShot,virtual,4,getAlgorithm,()
0D0E0A0D0B0E0E0F,javacard.security,38,Signature$OneShot,virtual,5,getMessageDigestAlgorithm,()
0D0E0A0D0B0E0E0F,javacard.security,38,Signature$OneShot,virtual,6,getCipherAlgorithm,()
0D0E0A0D0B0E0E0F,javacard.security,38,Signature$OneShot,virtual,7,getPaddingAlgorithm,()
0D0E0A0D0B0E0E0F,javacard.security,38,Signature$OneShot,virtual,8,getLength,()
0D0E0A0D0B0E0E0F,javacard.security,38,Signature$OneShot,virtual,9,update,(byte[];short;short)
0D0E0A0D0B0E0E0F,javacard.security,38,Signature$OneShot,virtual,10,sign,(byte[];short;short;byte[];short)
0D0E0A0D0B0E0E0F,javacard.security,38,Signature$OneShot,virtual,11,signPreComputedHash,(byte[];short;short;byte[];short)
0D0E0A0D0B0E0E0F,javacard.security,38,Signature$OneShot,virtual,12,verify,(byte[];short;short;byte[];short;short)
0D0E0A0D0B0E0E0F,javacard.security,38,Signature$OneShot,virtual,13,verifyPreComputedHash,(byte[];short;short;byte[];short;short)
0D0E0A0D0B0E0E0F,javacard.security,38,Signature$OneShot,virtual,14,close,()
0D0E0A0D0B0E0E0F,javacard.security,39,NamedParameterSpec,static,0,getInstance,(short)
0D0E0A0D0B0E0E0F,javacard.security,39,NamedParameterSpec,virtual,1,getName,()
0D0E0A0D0B0E0E0F,javacard.security,40,InitializedMessageDigest,virtual,1,getAlgorithm,()
0D0E0A0D0B0E0E0F,javacard.security,40,InitializedMessageDigest,virtual,2,getLength,()
0D0E0A0D0B0E0E0F,javacard.security,40,InitializedMessageDigest,virtual,3,doIntermediateMessageDigest,(byte[];short)
0D0E0A0D0B0E0E0F,javacard.security,40,InitializedMessageDigest,virtual,4,doFinal,(byte[];short;short;byte[];short)
0D0E0A0D0B0E0E0F,javacard.security,40,InitializedMessageDigest,virtual,5,update,(byte[];short;short)
0D0E0A0D0B0E0E0F,javacard.security,40,InitializedMessageDigest,virtual,6,reset,()
0D0E0A0D0B0E0E0F,javacard.security,40,InitializedMessageDigest,virtual,7,setInitialDigest,(byte[];short;short;byte[];short;short)
0D0E0A0D0B0E0E0F,javacard.security,41,InitializedMessageDigest$OneShot,static,0,open,(byte)
0D0E0A0D0B0E0E0F,javacard.security,41,InitializedMessageDigest$OneShot,virtual,1,getAlgorithm,()
0D0E0A0D0B0E0E0F,javacard.security,41,InitializedMessageDigest$OneShot,virtual,2,getLength,()
0D0E0A0D0B0E0E0F,javacard.security,41,InitializedMessageDigest$OneShot,virtual,3,doIntermediateMessageDigest,(byte[];short)
0D0E0A0D0B0E0E0F,javacard.security,41,InitializedMessageDigest$OneShot,virtual,4,doFinal,(byte[];short;short;byte[];short)
0D0E0A0D0B0E0E0F,javacard.security,41,InitializedMessageDigest$OneShot,virtual,5,update,(byte[];short;short)
0D0E0A0D0B0E0E0F,javacard.security,41,InitializedMessageDigest$OneShot,virtual,6,reset,()
0D0E0A0D0B0E0E0F,javacard.security,41,InitializedMessageDigest$OneShot,virtual,7,setInitialDigest,(byte[];short;short;byte[];short;short)
0D0E0A0D0B0E0E0F,javacard.security,41,InitializedMessageDigest$OneShot,virtual,8,close,()
0D0E0A0D0B0E0E0F,javacard.security,42,Checksum,static,0,getInstance,(byte;boolean)
0D0E0A0D0B0E0E0F,javacard.security,42,Checksum,virtual,1,init,(byte[];short;short)
0D0E0A0D0B0E0E0F,javacard.security,42,Checksum,virtual,2,getAlgorithm,()
0D0E0A0D0B0E0E0F,javacard.security,42,Checksum,virtual,3,doFinal,(byte[];short;short;byte[];short)
0D0E0A0D0B0E0E0F,javacard.security,42,Checksum,virtual,4,update,(byte[];short;short)
0D0E0A0D0B0E0E0F,javacardx.biometry1toN,0,BioMatcher,virtual,0,isInitialized,()
0D0E0A0D0B0E0E0F,javacardx.biometry1toN,0,BioMatcher,virtual,1,isValidated,()
0D0E0A0D0B0E0E0F,javacardx.biometry1toN,0,BioMatcher,virtual,2,reset,()
0D0E0A0D0B0E0E0F,javacardx.biometry1toN,0,BioMatcher,virtual,3,getTriesRemaining,()
0D0E0A0D0B0E0E0F,javacardx.biometry1toN,0,BioMatcher,virtual,4,getBioType,()
0D0E0A0D0B0E0E0F,javacardx.biometry1toN,0,BioMatcher,virtual,5,getVersion,(byte[];short)
0D0E0A0D0B0E0E0F,javacardx.biometry1toN,0,BioMatcher,virtual,6,initMatch,(byte[];short;short)
0D0E0A0D0B0E0E0F,javacardx.biometry1toN,0,BioMatcher,virtual,7,match,(byte[];short;short)
0D0E0A0D0B0E0E0F,javacardx.biometry1toN,0,BioMatcher,virtual,8,getMaxNbOfBioTemplateData,()
0D0E0A0D0B0E0E0F,javacardx.biometry1toN,0,BioMatcher,virtual,9,getIndexOfLastMatchingBioTemplateData,()
0D0E0A0D0B0E0E0F,javacardx.biometry1toN,0,BioMatcher,virtual,10,getBioTemplateData,(short)
0D0E0A0D0B0E0E0F,javacardx.biometry1toN,1,BioTemplateData,virtual,0,getBioType,()
0D0E0A0D0B0E0E0F,javacardx.biometry1toN,1,BioTemplateData,virtual,1,isInitialized,()
0D0E0A0D0B0E0E0F,javacardx.biometry1toN,1,BioTemplateData,virtual,2,getPublicData,(short;byte[];short;short)
0D0E0A0D0B0E0E0F,javacardx.biometry1toN,2,OwnerBioMatcher,virtual,0,isInitialized,()
0D0E0A0D0B0E0E0F,javacardx.biometry1toN,2,OwnerBioMatcher,virtual,1,isValidated,()
0D0E0A0D0B0E0E0F,javacardx.biometry1toN,2,OwnerBioMatcher,virtual,2,reset,()
0D0E0A0D0B0E0E0F,javacardx.biometry1toN,2,OwnerBioMatcher,virtual,3,getTriesRemaining,()
0D0E0A0D0B0E0E0F,javacardx.biometry1toN,2,OwnerBioMatcher,virtual,4,getBioType,()
0D0E0A0D0B0E0E0F,javacardx.biometry1toN,2,OwnerBioMatcher,virtual,5,getVersion,(byte[];short)
0D0E0A0D0B0E0E0F,javacardx.biometry1toN,2,OwnerBioMatcher,virtual,6,initMatch,(byte[];short;short)
0D0E0A0D0B0E0E0F,javacardx.biometry1toN,2,OwnerBioMatcher,virtual,7,match,(byte[];short;short)
0D0E0A0D0B0E0E0F,javacardx.biometry1toN,2,OwnerBioMatcher,virtual,8,getMaxNbOfBioTemplateData,()
0D0E0A0D0B0E0E0F,javacardx.biometry1toN,2,OwnerBioMatcher,virtual,9,getIndexOfLastMatchingBioTemplateData,()
0D0E0A0D0B0E0E0F,javacardx.biometry1toN,2,OwnerBioMatcher,virtual,10,getBioTemplateData,(short)
0D0E0A0D0B0E0E0F,javacardx.biometry1toN,2,OwnerBioMatcher,virtual,11,putBioTemplateData,(short;javacardx.biometry1toN.BioTemplateData)
0D0E0A0D0B0E0E0F,javacardx.biometry1toN,2,OwnerBioMatcher,virtual,12,resetUnblockAndSetTryLimit,(byte)
0D0E0A0D0B0E0E0F,javacardx.biometry1toN,2,OwnerBioMatcher,virtual,13,getBioTemplateData,(short)
0D0E0A0D0B0E0E0F,javacardx.biometry1toN,3,OwnerBioTemplateData,virtual,0,getBioType,()
0D0E0A0D0B0E0E0F,javacardx.biometry1toN,3,OwnerBioTemplateData,virtual,1,isInitialized,()
0D0E0A0D0B0E0E0F,javacardx.biometry1toN,3,OwnerBioTemplateData,virtual,2,getPublicData,(short;byte[];short;short)
0D0E0A0D0B0E0E0F,javacardx.biometry1toN,3,OwnerBioTemplateData,virtual,3,init,(byte[];short;short)
0D0E0A0D0B0E0E0F,javacardx.biometry1toN,3,OwnerBioTemplateData,virtual,4,update,(byte[];short;short)
0D0E0A0D0B0E0E0F,javacardx.biometry1toN,3,OwnerBioTemplateData,virtual,5,doFinal,()
0D0E0A0D0B0E0E0F,javacardx.biometry1toN,3,OwnerBioTemplateData,virtual,6,clear,()
0D0E0A0D0B0E0E0F,javacardx.biometry1toN,4,SharedBioMatcher,virtual,0,isInitialized,()
0D0E0A0D0B0E0E0F,javacardx.biometry1toN,4,SharedBioMatcher,virtual,1,isValidated,()
0D0E0A0D0B0E0E0F,javacardx.biometry1toN,4,SharedBioMatcher,virtual,2,reset,()
0D0E0A0D0B0E0E0F,javacardx.biometry1toN,4,SharedBioMatcher,virtual,3,getTriesRemaining,()
0D0E0A0D0B0E0E0F,javacardx.biometry1toN,4,SharedBioMatcher,virtual,4,getBioType,()
0D0E0A0D0B0E0E0F,javacardx.biometry1toN,4,SharedBioMatcher,virtual,5,getVersion,(byte[];short)
0D0E0A0D0B0E0E0F,javacardx.biometry1toN,4,SharedBioMatcher,virtual,6,initMatch,(byte[];short;short)
0D0E0A0D0B0E0E0F,javacardx.biometry1toN,4,SharedBioMatcher,virtual,7,match,(byte[];short;short)
0D0E0A0D0B0E0E0F,javacardx.biometry1toN,4,SharedBioMatcher,virtual,8,getMaxNbOfBioTemplateData,()
0D0E0A0D0B0E0E0F,javacardx.biometry1toN,4,SharedBioMatcher,virtual,9,getIndexOfLastMatchingBioTemplateData,()
0D0E0A0D0B0E0E0F,javacardx.biometry1toN,4,SharedBioMatcher,virtual,10,getBioTemplateData,(short)
0D0E0A0D0B0E0E0F,javacardx.biometry1toN,5,SharedBioTemplateData,virtual,0,getBioType,()
0D0E0A0D0B0E0E0F,javacardx.biometry1toN,5,SharedBioTemplateData,virtual,1,isInitialized,()
0D0E0A0D0B0E0E0F,javacardx.biometry1toN,5,SharedBioTemplateData,virtual,2,getPublicData,(short;byte[];short;short)
0D0E0A0D0B0E0E0F,javacardx.biometry1toN,6,Bio1toNBuilder,static,0,buildBioMatcher,(short;byte;byte)
0D0E0A0D0B0E0E0F,javacardx.biometry1toN,6,Bio1toNBuilder,static,1,buildBioMatcher,(short;byte;byte;byte[];byte)
0D0E0A0D0B0E0E0F,javacardx.biometry1toN,6,Bio1toNBuilder,static,2,buildBioTemplateData,(byte)
0D0E0A0D0B0E0E0F,javacardx.biometry1toN,6,Bio1toNBuilder,static,3,buildBioTemplateData,(byte;byte[])
0D0E0A0D0B0E0E0F,javacardx.biometry1toN,7,Bio1toNException,static,1,throwIt,(short)
0D0E0A0D0B0E0E0F,javacardx.biometry1toN,7,Bio1toNException,virtual,1,getReason,()
0D0E0A0D0B0E0E0F,javacardx.biometry1toN,7,Bio1toNException,virtual,2,setReason,(short)
0D0E0A0D0B0E0E0F,javacardx.apdu,0,ExtendedLength
0D0E0A0D0B0E0E0F,javacardx.apdu.util,0,APDUUtil,static,0,getCLAChannel,(byte)
0D0E0A0D0B0E0E0F,javacardx.apdu.util,0,APDUUtil,static,1,isSecureMessagingCLA,(byte)
0D0E0A0D0B0E0E0F,javacardx.apdu.util,0,APDUUtil,static,2,isCommandChainingCLA,(byte)
0D0E0A0D0B0E0E0F,javacardx.apdu.util,0,APDUUtil,static,3,isISOInterindustryCLA,(byte)
0D0E0A0D0B0E0E0F,javacardx.apdu.util,0,APDUUtil,static,4,isValidCLA,(byte)
0D0E0A0D0B0E0E0F,javacardx.framework.util,0,ArrayLogic,static,0,arrayCopyRepack,(java.lang.Object;short;short;java.lang.Object;short)
0D0E0A0D0B0E0E0F,javacardx.framework.util,0,ArrayLogic,static,1,arrayCopyRepackNonAtomic,(java.lang.Object;short;short;java.lang.Object;short)
0D0E0A0D0B0E0E0F,javacardx.framework.util,0,ArrayLogic,static,2,arrayFillGeneric,(java.lang.Object;short;short;java.lang.Object;short)
0D0E0A0D0B0E0E0F,javacardx.framework.util,0,ArrayLogic,static,3,arrayFillGenericNonAtomic,(java.lang.Object;short;short;java.lang.Object;short)
0D0E0A0D0B0E0E0F,javacardx.framework.util,0,ArrayLogic,static,4,arrayCompareGeneric,(java.lang.Object;short;java.lang.Object;short;short)
0D0E0A0D0B0E0E0F,javacardx.framework.util,0,ArrayLogic,static,5,arrayFindGeneric,(java.lang.Object;short;byte[];short)
0D0E0A0D0B0E0E0F,javacardx.framework.util,1,UtilException,static,1,throwIt,(short)
0D0E0A0D0B0E0E0F,javacardx.framework.util,1,UtilException,virtual,1,getReason,()
0D0E0A0D0B0E0E0F,javacardx.framework.util,1,UtilException,virtual,2,setReason,(short)
0D0E0A0D0B0E0E0F,javacardx.framework.util.intx,0,JCint,static,0,makeInt,(byte;byte;byte;byte)
0D0E0A0D0B0E0E0F,javacardx.framework.util.intx,0,JCint,static,1,makeInt,(short;short)
0D0E0A0D0B0E0E0F,javacardx.framework.util.intx,0,JCint,static,2,getInt,(byte[];short)
0D0E0A0D0B0E0E0F,javacardx.framework.util.intx,0,JCint,static,3,setInt,(byte[];short;int)
0D0E0A0D0B0E0E0F,javacardx.framework.util.intx,0,JCint,static,4,makeTransientIntArray,(short;byte)
0D0E0A0D0B0E0E0F,javacardx.framework.util.intx,0,JCint,static,5,makeIntArrayView,(int[];short;short;short;javacard.framework.Shareable)
0D0E0A0D0B0E0E0F,javacardx.framework.math,0,BCDUtil,static,1,getMaxBytesSupported,()
0D0E0A0D0B0E0E0F,javacardx.framework.math,0,BCDUtil,static,2,convertToHex,(byte[];short;short;byte[];short)
0D0E0A0D0B0E0E0F,javacardx.framework.math,0,BCDUtil,static,3,convertToBCD,(byte[];short;short;byte[];short)
0D0E0A0D0B0E0E0F,javacardx.framework.math,0,BCDUtil,static,4,isBCDFormat,(byte[];short;short)
0D0E0A0D0B0E0E0F,javacardx.framework.math,1,BigNumber,static,1,getMaxBytesSupported,()
0D0E0A0D0B0E0E0F,javacardx.framework.math,1,BigNumber,virtual,1,setMaximum,(byte[];short;short;byte)
0D0E0A0D0B0E0E0F,javacardx.framework.math,1,BigNumber,virtual,2,init,(byte[];short;short;byte)
0D0E0A0D0B0E0E0F,javacardx.framework.math,1,BigNumber,virtual,3,add,(byte[];short;short;byte)
0D0E0A0D0B0E0E0F,javacardx.framework.math,1,BigNumber,virtual,4,subtract,(byte[];short;short;byte)
0D0E0A0D0B0E0E0F,javacardx.framework.math,1,BigNumber,virtual,5,multiply,(byte[];short;short;byte)
0D0E0A0D0B0E0E0F,javacardx.framework.math,1,BigNumber,virtual,6,compareTo,(javacardx.framework.math.BigNumber)
0D0E0A0D0B0E0E0F,javacardx.framework.math,1,BigNumber,virtual,7,compareTo,(byte[];short;short;byte)
0D0E0A0D0B0E0E0F,javacardx.framework.math,1,BigNumber,virtual,8,toBytes,(byte[];short;short;byte)
0D0E0A0D0B0E0E0F,javacardx.framework.math,1,BigNumber,virtual,9,getByteLength,(byte)
0D0E0A0D0B0E0E0F,javacardx.framework.math,1,BigNumber,virtual,10,reset,()
0D0E0A0D0B0E0E0F,javacardx.framework.math,2,ParityBit,static,1,set,(byte[];short;short;boolean)
0D0E0A0D0B0E0E0F,javacardx.framework.nio,0,Buffer,virtual,1,capacity,()
0D0E0A0D0B0E0E0F,javacardx.framework.nio,0,Buffer,virtual,2,position,()
0D0E0A0D0B0E0E0F,javacardx.framework.nio,0,Buffer,virtual,3,position,(int)
0D0E0A0D0B0E0E0F,javacardx.framework.nio,0,Buffer,virtual,4,limit,()
0D0E0A0D0B0E0E0F,javacardx.framework.nio,0,Buffer,virtual,5,limit,(int)
0D0E0A0D0B0E0E0F,javacardx.framework.nio,0,Buffer,virtual,6,clear,()
0D0E0A0D0B0E0E0F,javacardx.framework.nio,0,Buffer,virtual,7,flip,()
0D0E0A0D0B0E0E0F,javacardx.framework.nio,0,Buffer,virtual,8,rewind,()
0D0E0A0D0B0E0E0F,javacardx.framework.nio,0,Buffer,virtual,9,remaining,()
0D0E0A0D0B0E0E0F,javacardx.framework.nio,0,Buffer,virtual,10,hasRemaining,()
0D0E0A0D0B0E0E0F,javacardx.framework.nio,0,Buffer,virtual,11,isReadOnly,()
0D0E0A0D0B0E0E0F,javacardx.framework.nio,0,Buffer,virtual,12,hasArray,()
0D0E0A0D0B0E0E0F,javacardx.framework.nio,0,Buffer,virtual,13,array,()
0D0E0A0D0B0E0E0F,javacardx.framework.nio,0,Buffer,virtual,14,arrayOffset,()
0D0E0A0D0B0E0E0F,javacardx.framework.nio,0,Buffer,virtual,15,isDirect,()
0D0E0A0D0B0E0E0F,javacardx.framework.nio,0,Buffer,virtual,16,slice,()
0D0E0A0D0B0E0E0F,javacardx.framework.nio,1,BufferOverflowException
0D0E0A0D0B0E0E0F,javacardx.framework.nio,2,BufferUnderflowException
0D0E0A0D0B0E0E0F,javacardx.framework.nio,3,ByteBuffer,static,0,allocateDirect,(int)
0D0E0A0D0B0E0E0F,javacardx.framework.nio,3,ByteBuffer,static,1,wrap,(byte[];int;int)
0D0E0A0D0B0E0E0F,javacardx.framework.nio,3,ByteBuffer,static,2,wrap,(byte[])
0D0E0A0D0B0E0E0F,javacardx.framework.nio,3,ByteBuffer,virtual,1,capacity,()
0D0E0A0D0B0E0E0F,javacardx.framework.nio,3,ByteBuffer,virtual,2,position,()
0D0E0A0D0B0E0E0F,javacardx.framework.nio,3,ByteBuffer,virtual,3,position,(int)
0D0E0A0D0B0E0E0F,javacardx.framework.nio,3,ByteBuffer,virtual,4,limit,()
0D0E0A0D0B0E0E0F,javacardx.framework.nio,3,ByteBuffer,virtual,5,limit,(int)
0D0E0A0D0B0E0E0F,javacardx.framework.nio,3,ByteBuffer,virtual,6,clear,()
0D0E0A0D0B0E0E0F,javacardx.framework.nio,3,ByteBuffer,virtual,7,flip,()
0D0E0A0D0B0E0E0F,javacardx.framework.nio,3,ByteBuffer,virtual,8,rewind,()
0D0E0A0D0B0E0E0F,javacardx.framework.nio,3,ByteBuffer,virtual,9,remaining,()
0D0E0A0D0B0E0E0F,javacardx.framework.nio,3,ByteBuffer,virtual,10,hasRemaining,()
0D0E0A0D0B0E0E0F,javacardx.framework.nio,3,ByteBuffer,virtual,11,isReadOnly,()
0D0E0A0D0B0E0E0F,javacardx.framework.nio,3,ByteBuffer,virtual,12,hasArray,()
0D0E0A0D0B0E0E0F,javacardx.framework.nio,3,ByteBuffer,virtual,13,array,()
0D0E0A0D0B0E0E0F,javacardx.framework.nio,3,ByteBuffer,virtual,14,arrayOffset,()
0D0E0A0D0B0E0E0F,javacardx.framework.nio,3,ByteBuffer,virtual,15,isDirect,()
0D0E0A0D0B0E0E0F,javacardx.framework.nio,3,ByteBuffer,virtual,16,slice,()
0D0E0A0D0B0E0E0F,javacardx.framework.nio,3,ByteBuffer,virtual,17,order,()
0D0E0A0D0B0E0E0F,javacardx.framework.nio,3,ByteBuffer,virtual,18,order,(javacardx.framework.nio.ByteOrder)
0D0E0A0D0B0E0E0F,javacardx.framework.nio,3,ByteBuffer,virtual,19,array,()
0D0E0A0D0B0E0E0F,javacardx.framework.nio,3,ByteBuffer,virtual,20,compareTo,(javacardx.framework.nio.ByteBuffer)
0D0E0A0D0B0E0E0F,javacardx.framework.nio,3,ByteBuffer,virtual,21,get,(byte[];int;int)
0D0E0A0D0B0E0E0F,javacardx.framework.nio,3,ByteBuffer,virtual,22,get,(byte[])
0D0E0A0D0B0E0E0F,javacardx.framework.nio,3,ByteBuffer,virtual,23,put,(javacardx.framework.nio.ByteBuffer)
0D0E0A0D0B0E0E0F,javacardx.framework.nio,3,ByteBuffer,virtual,24,put,(byte[])
0D0E0A0D0B0E0E0F,javacardx.framework.nio,3,ByteBuffer,virtual,25,put,(byte[];int;int)
0D0E0A0D0B0E0E0F,javacardx.framework.nio,3,ByteBuffer,virtual,26,get,()
0D0E0A0D0B0E0E0F,javacardx.framework.nio,3,ByteBuffer,virtual,27,put,(byte)
0D0E0A0D0B0E0E0F,javacardx.framework.nio,3,ByteBuffer,virtual,28,get,(int)
0D0E0A0D0B0E0E0F,javacardx.framework.nio,3,ByteBuffer,virtual,29,put,(int;byte)
0D0E0A0D0B0E0E0F,javacardx.framework.nio,3,ByteBuffer,virtual,30,getShort,()
0D0E0A0D0B0E0E0F,javacardx.framework.nio,3,ByteBuffer,virtual,31,putShort,(short)
0D0E0A0D0B0E0E0F,javacardx.framework.nio,3,ByteBuffer,virtual,32,getShort,(int)
0D0E0A0D0B0E0E0F,javacardx.framework.nio,3,ByteBuffer,virtual,33,putShort,(int;short)
0D0E0A0D0B0E0E0F,javacardx.framework.nio,3,ByteBuffer,virtual,34,getInt,()
0D0E0A0D0B0E0E0F,javacardx.framework.nio,3,ByteBuffer,virtual,35,putInt,(int)
0D0E0A0D0B0E0E0F,javacardx.framework.nio,3,ByteBuffer,virtual,36,getInt,(int)
0D0E0A0D0B0E0E0F,javacardx.framework.nio,3,ByteBuffer,virtual,37,putInt,(int;int)
0D0E0A0D0B0E0E0F,javacardx.framework.nio,3,ByteBuffer,virtual,38,asReadOnlyBuffer,()
0D0E0A0D0B0E0E0F,javacardx.framework.nio,3,ByteBuffer,virtual,39,compact,()
0D0E0A0D0B0E0E0F,javacardx.framework.nio,3,ByteBuffer,virtual,40,slice,()
0D0E0A0D0B0E0E0F,javacardx.framework.nio,4,ByteOrder
0D0E0A0D0B0E0E0F,javacardx.framework.nio,5,ReadOnlyBufferException
0D0E0A0D0B0E0E0F,javacardx.framework.time,0,DateTimeException,static,1,throwIt,(short)
0D0E0A0D0B0E0E0F,javacardx.framework.time,0,DateTimeException,virtual,1,getReason,()
0D0E0A0D0B0E0E0F,javacardx.framework.time,0,DateTimeException,virtual,2,setReason,(short)
0D0E0A0D0B0E0E0F,javacardx.framework.time,1,SysTime,static,0,uptime,(javacardx.framework.time.TimeDuration)
0D0E0A0D0B0E0E0F,javacardx.framework.time,2,TimeDuration,static,0,getInstance,(byte)
0D0E0A0D0B0E0E0F,javacardx.framework.time,2,TimeDuration,static,1,getInstance,(byte;short;short)
0D0E0A0D0B0E0E0F,javacardx.framework.time,2,TimeDuration,virtual,1,getMemoryType,()
0D0E0A0D0B0E0E0F,javacardx.framework.time,2,TimeDuration,virtual,2,isNegative,()
0D0E0A0D0B0E0E0F,javacardx.framework.time,2,TimeDuration,virtual,3,abs,()
0D0E0A0D0B0E0E0F,javacardx.framework.time,2,TimeDuration,virtual,4,neg,()
0D0E0A0D0B0E0E0F,javacardx.framework.time,2,TimeDuration,virtual,5,reset,()
0D0E0A0D0B0E0E0F,javacardx.framework.time,2,TimeDuration,virtual,6,compareTo,(javacardx.framework.time.TimeDuration)
0D0E0A0D0B0E0E0F,javacardx.framework.time,2,TimeDuration,virtual,7,compareTo,(short;short)
0D0E0A0D0B0E0E0F,javacardx.framework.time,2,TimeDuration,virtual,8,minus,(javacardx.framework.time.TimeDuration)
0D0E0A0D0B0E0E0F,javacardx.framework.time,2,TimeDuration,virtual,9,minus,(short;short)
0D0E0A0D0B0E0E0F,javacardx.framework.time,2,TimeDuration,virtual,10,plus,(javacardx.framework.time.TimeDuration)
0D0E0A0D0B0E0E0F,javacardx.framework.time,2,TimeDuration,virtual,11,plus,(short;short)
0D0E0A0D0B0E0E0F,javacardx.framework.time,2,TimeDuration,virtual,12,set,(byte[];short;short;short)
0D0E0A0D0B0E0E0F,javacardx.framework.time,2,TimeDuration,virtual,13,toBytes,(byte[];short;short;short)
0D0E0A0D0B0E0E0F,javacardx.framework.time,2,TimeDuration,virtual,14,getByteLength,(short)
0D0E0A0D0B0E0E0F,javacardx.framework.event,0,EventListener
0D0E0A0D0B0E0E0F,javacardx.framework.event,1,EventSource
0D0E0A0D0B0E0E0F,javacardx.framework.event,2,EventRegistry,static,0,getEventRegistry,(javacardx.framework.event.EventSource)
0D0E0A0D0B0E0E0F,javacardx.framework.event,2,EventRegistry,virtual,1,register,(javacardx.framework.event.EventListener)
0D0E0A0D0B0E0E0F,javacardx.framework.event,2,EventRegistry,virtual,2,unregister,(javacardx.framework.event.EventListener)
0D0E0A0D0B0E0E0F,javacardx.framework.tlv,0,BERTLV,static,1,getInstance,(byte[];short;short)
0D0E0A0D0B0E0E0F,javacardx.framework.tlv,0,BERTLV,static,2,verifyFormat,(byte[];short;short)
0D0E0A0D0B0E0E0F,javacardx.framework.tlv,0,BERTLV,static,3,getTag,(byte[];short;byte[];short)
0D0E0A0D0B0E0E0F,javacardx.framework.tlv,0,BERTLV,static,4,getLength,(byte[];short)
0D0E0A0D0B0E0E0F,javacardx.framework.tlv,0,BERTLV,virtual,1,toBytes,(byte[];short)
0D0E0A0D0B0E0E0F,javacardx.framework.tlv,0,BERTLV,virtual,2,getTag,()
0D0E0A0D0B0E0E0F,javacardx.framework.tlv,0,BERTLV,virtual,3,getLength,()
0D0E0A0D0B0E0E0F,javacardx.framework.tlv,0,BERTLV,virtual,4,size,()
0D0E0A0D0B0E0E0F,javacardx.framework.tlv,0,BERTLV,virtual,5,init,(byte[];short;short)
0D0E0A0D0B0E0E0F,javacardx.framework.tlv,1,BERTag,static,1,getInstance,(byte[];short)
0D0E0A0D0B0E0E0F,javacardx.framework.tlv,1,BERTag,static,2,toBytes,(short;boolean;short;byte[];short)
0D0E0A0D0B0E0E0F,javacardx.framework.tlv,1,BERTag,static,3,size,(byte[];short)
0D0E0A0D0B0E0E0F,javacardx.framework.tlv,1,BERTag,static,4,tagNumber,(byte[];short)
0D0E0A0D0B0E0E0F,javacardx.framework.tlv,1,BERTag,static,5,isConstructed,(byte[];short)
0D0E0A0D0B0E0E0F,javacardx.framework.tlv,1,BERTag,static,6,tagClass,(byte[];short)
0D0E0A0D0B0E0E0F,javacardx.framework.tlv,1,BERTag,static,7,verifyFormat,(byte[];short)
0D0E0A0D0B0E0E0F,javacardx.framework.tlv,1,BERTag,virtual,1,size,()
0D0E0A0D0B0E0E0F,javacardx.framework.tlv,1,BERTag,virtual,2,toBytes,(byte[];short)
0D0E0A0D0B0E0E0F,javacardx.framework.tlv,1,BERTag,virtual,3,tagNumber,()
0D0E0A0D0B0E0E0F,javacardx.framework.tlv,1,BERTag,virtual,4,isConstructed,()
0D0E0A0D0B0E0E0F,javacardx.framework.tlv,1,BERTag,virtual,5,tagClass,()
0D0E0A0D0B0E0E0F,javacardx.framework.tlv,1,BERTag,virtual,7,init,(byte[];short)
0D0E0A0D0B0E0E0F,javacardx.framework.tlv,2,ConstructedBERTLV,static,1,append,(byte[];short;byte[];short)
0D0E0A0D0B0E0E0F,javacardx.framework.tlv,2,ConstructedBERTLV,static,2,find,(byte[];short;byte[];short)
0D0E0A0D0B0E0E0F,javacardx.framework.tlv,2,ConstructedBERTLV,static,3,findNext,(byte[];short;short;byte[];short)
0D0E0A0D0B0E0E0F,javacardx.framework.tlv,2,ConstructedBERTLV,virtual,1,toBytes,(byte[];short)
0D0E0A0D0B0E0E0F,javacardx.framework.tlv,2,ConstructedBERTLV,virtual,2,getTag,()
0D0E0A0D0B0E0E0F,javacardx.framework.tlv,2,ConstructedBERTLV,virtual,3,getLength,()
0D0E0A0D0B0E0E0F,javacardx.framework.tlv,2,ConstructedBERTLV,virtual,4,size,()
0D0E0A0D0B0E0E0F,javacardx.framework.tlv,2,ConstructedBERTLV,virtual,5,init,(byte[];short;short)
0D0E0A0D0B0E0E0F,javacardx.framework.tlv,2,ConstructedBERTLV,virtual,6,init,(javacardx.framework.tlv.ConstructedBERTag;javacardx.framework.tlv.BERTLV)
0D0E0A0D0B0E0E0F,javacardx.framework.tlv,2,ConstructedBERTLV,virtual,7,init,(javacardx.framework.tlv.ConstructedBERTag;byte[];short;short)
0D0E0A0D0B0E0E0F,javacardx.framework.tlv,2,ConstructedBERTLV,virtual,8,append,(javacardx.framework.tlv.BERTLV)
0D0E0A0D0B0E0E0F,javacardx.framework.tlv,2,ConstructedBERTLV,virtual,9,delete,(javacardx.framework.tlv.BERTLV;short)
0D0E0A0D0B0E0E0F,javacardx.framework.tlv,2,ConstructedBERTLV,virtual,10,find,(javacardx.framework.tlv.BERTag)
0D0E0A0D0B0E0E0F,javacardx.framework.tlv,2,ConstructedBERTLV,virtual,11,findNext,(javacardx.framework.tlv.BERTag;javacardx.framework.tlv.BERTLV;short)
0D0E0A0D0B0E0E0F,javacardx.framework.tlv,3,ConstructedBERTag,virtual,1,size,()
0D0E0A0D0B0E0E0F,javacardx.framework.tlv,3,ConstructedBERTag,virtual,2,toBytes,(byte[];short)
0D0E0A0D0B0E0E0F,javacardx.framework.tlv,3,ConstructedBERTag,virtual,3,tagNumber,()
0D0E0A0D0B0E0E0F,javacardx.framework.tlv,3,ConstructedBERTag,virtual,4,isConstructed,()
0D0E0A0D0B0E0E0F,javacardx.framework.tlv,3,ConstructedBERTag,virtual,5,tagClass,()
0D0E0A0D0B0E0E0F,javacardx.framework.tlv,3,ConstructedBERTag,virtual,7,init,(byte[];short)
0D0E0A0D0B0E0E0F,javacardx.framework.tlv,3,ConstructedBERTag,virtual,8,init,(byte;short)
0D0E0A0D0B0E0E0F,javacardx.framework.tlv,4,PrimitiveBERTLV,static,1,getValueOffset,(byte[];short)
0D0E0A0D0B0E0E0F,javacardx.framework.tlv,4,PrimitiveBERTLV,static,2,toBytes,(byte[];short;byte[];short;short;byte[];short)
0D0E0A0D0B0E0E0F,javacardx.framework.tlv,4,PrimitiveBERTLV,static,3,appendValue,(byte[];short;byte[];short;short)
0D0E0A0D0B0E0E0F,javacardx.framework.tlv,4,PrimitiveBERTLV,virtual,1,toBytes,(byte[];short)
0D0E0A0D0B0E0E0F,javacardx.framework.tlv,4,PrimitiveBERTLV,virtual,2,getTag,()
0D0E0A0D0B0E0E0F,javacardx.framework.tlv,4,PrimitiveBERTLV,virtual,3,getLength,()
0D0E0A0D0B0E0E0F,javacardx.framework.tlv,4,PrimitiveBERTLV,virtual,4,size,()
0D0E0A0D0B0E0E0F,javacardx.framework.tlv,4,PrimitiveBERTLV,virtual,5,init,(byte[];short;short)
0D0E0A0D0B0E0E0F,javacardx.framework.tlv,4,PrimitiveBERTLV,virtual,6,init,(javacardx.framework.tlv.PrimitiveBERTag;byte[];short;short)
0D0E0A0D0B0E0E0F,javacardx.framework.tlv,4,PrimitiveBERTLV,virtual,7,appendValue,(byte[];short;short)
0D0E0A0D0B0E0E0F,javacardx.framework.tlv,4,PrimitiveBERTLV,virtual,8,replaceValue,(byte[];short;short)
0D0E0A0D0B0E0E0F,javacardx.framework.tlv,4,PrimitiveBERTLV,virtual,9,getValue,(byte[];short)
0D0E0A0D0B0E0E0F,javacardx.framework.tlv,5,PrimitiveBERTag,virtual,1,size,()
0D0E0A0D0B0E0E0F,javacardx.framework.tlv,5,PrimitiveBERTag,virtual,2,toBytes,(byte[];short)
0D0E0A0D0B0E0E0F,javacardx.framework.tlv,5,PrimitiveBERTag,virtual,3,tagNumber,()
0D0E0A0D0B0E0E0F,javacardx.framework.tlv,5,PrimitiveBERTag,virtual,4,isConstructed,()
0D0E0A0D0B0E0E0F,javacardx.framework.tlv,5,PrimitiveBERTag,virtual,5,tagClass,()
0D0E0A0D0B0E0E0F,javacardx.framework.tlv,5,PrimitiveBERTag,virtual,7,init,(byte[];short)
0D0E0A0D0B0E0E0F,javacardx.framework.tlv,5,PrimitiveBERTag,virtual,8,init,(byte;short)
0D0E0A0D0B0E0E0F,javacardx.framework.tlv,6,TLVException,static,1,throwIt,(short)
0D0E0A0D0B0E0E0F,javacardx.framework.tlv,6,TLVException,virtual,1,getReason,()
0D0E0A0D0B0E0E0F,javacardx.framework.tlv,6,TLVException,virtual,2,setReason,(short)
0D0E0A0D0B0E0E0F,javacardx.framework.string,0,StringException,static,1,throwIt,(short)
0D0E0A0D0B0E0E0F,javacardx.framework.string,0,StringException,virtual,1,getReason,()
0D0E0A0D0B0E0E0F,javacardx.framework.string,0,StringException,virtual,2,setReason,(short)
0D0E0A0D0B0E0E0F,javacardx.framework.string,1,StringUtil,static,0,codePointCount,(byte[];short;short)
0D0E0A0D0B0E0E0F,javacardx.framework.string,1,StringUtil,static,1,codePointAt,(byte[];short;short;short;byte[];short)
0D0E0A0D0B0E0E0F,javacardx.framework.string,1,StringUtil,static,2,codePointBefore,(byte[];short;short;short;byte[];short)
0D0E0A0D0B0E0E0F,javacardx.framework.string,1,StringUtil,static,3,offsetByCodePoints,(byte[];short;short;short;short)
0D0E0A0D0B0E0E0F,javacardx.framework.string,1,StringUtil,static,4,compare,(boolean;byte[];short;short;byte[];short;short)
0D0E0A0D0B0E0E0F,javacardx.framework.string,1,StringUtil,static,5,indexOf,(byte[];short;short;byte[];short;short)
0D0E0A0D0B0E0E0F,javacardx.framework.string,1,StringUtil,static,6,replace,(byte[];short;short;byte[];short;short;byte[];short;short;byte[];short)
0D0E0A0D0B0E0E0F,javacardx.framework.string,1,StringUtil,static,7,toLowerCase,(byte[];short;short;byte[];short)
0D0E0A0D0B0E0E0F,javacardx.framework.string,1,StringUtil,static,8,toUpperCase,(byte[];short;short;byte[];short)
0D0E0A0D0B0E0E0F,javacardx.framework.string,1,StringUtil,static,9,trim,(byte[];short;short;byte[];short)
0D0E0A0D0B0E0E0F,javacardx.framework.string,1,StringUtil,static,10,valueOf,(boolean;byte[];short)
0D0E0A0D0B0E0E0F,javacardx.framework.string,1,StringUtil,static,11,parseBoolean,(byte[];short;short)
0D0E0A0D0B0E0E0F,javacardx.framework.string,1,StringUtil,static,12,valueOf,(short;byte[];short)
0D0E0A0D0B0E0E0F,javacardx.framework.string,1,StringUtil,static,13,parseShortInteger,(byte[];short;short)
0D0E0A0D0B0E0E0F,javacardx.framework.string,1,StringUtil,static,14,valueOf,(short[];byte[];short)
0D0E0A0D0B0E0E0F,javacardx.framework.string,1,StringUtil,static,15,parseLongInteger,(byte[];short;short;short[];short)
0D0E0A0D0B0E0E0F,javacardx.framework.string,1,StringUtil,static,16,convertTo,(byte[];short;short;byte[];short;byte)
0D0E0A0D0B0E0E0F,javacardx.framework.string,1,StringUtil,static,17,convertFrom,(byte[];short;short;byte[];short;byte)
0D0E0A0D0B0E0E0F,javacardx.framework.string,1,StringUtil,static,18,check,(byte[];short;short)
0D0E0A0D0B0E0E0F,javacardx.framework.string,1,StringUtil,static,19,startsWith,(byte[];short;short;byte[];short;short;short)
0D0E0A0D0B0E0E0F,javacardx.framework.string,1,StringUtil,static,20,endsWith,(byte[];short;short;byte[];short;short;short)
0D0E0A0D0B0E0E0F,javacardx.framework.string,1,StringUtil,static,21,substring,(byte[];short;short;short;short;byte[];short)
0D0E0A0D0B0E0E0F,javacardx.security,0,SensitiveResult,static,0,assertEquals,(java.lang.Object)
0D0E0A0D0B0E0E0F,javacardx.security,0,SensitiveResult,static,1,assertTrue,()
0D0E0A0D0B0E0E0F,javacardx.security,0,SensitiveResult,static,2,assertFalse,()
0D0E0A0D0B0E0E0F,javacardx.security,0,SensitiveResult,static,3,assertNegative,()
0D0E0A0D0B0E0E0F,javacardx.security,0,SensitiveResult,static,4,assertPositive,()
0D0E0A0D0B0E0E0F,javacardx.security,0,SensitiveResult,static,5,assertZero,()
0D0E0A0D0B0E0E0F,javacardx.security,0,SensitiveResult,static,6,assertEquals,(short)
0D0E0A0D0B0E0E0F,javacardx.security,0,SensitiveResult,static,7,assertGreaterThan,(short)
0D0E0A0D0B0E0E0F,javacardx.security,0,SensitiveResult,static,8,assertLessThan,(short)
0D0E0A0D0B0E0E0F,javacardx.security,0,SensitiveResult,static,9,reset,()
0D0E0A0D0B0E0E0F,javacardx.security.util,0,MonotonicCounter,static,0,getInstance,(short;byte)
0D0E0A0D0B0E0E0F,javacardx.security.util,0,MonotonicCounter,virtual,1,getMemoryType,()
0D0E0A0D0B0E0E0F,javacardx.security.util,0,MonotonicCounter,virtual,2,getSize,()
0D0E0A0D0B0E0E0F,javacardx.security.util,0,MonotonicCounter,virtual,3,setValue,(byte[];short;short)
0D0E0A0D0B0E0E0F,javacardx.security.util,0,MonotonicCounter,virtual,4,get,(byte[];short)
0D0E0A0D0B0E0E0F,javacardx.security.util,0,MonotonicCounter,virtual,5,incrementBy,(short)
0D0E0A0D0B0E0E0F,javacardx.security.util,0,MonotonicCounter,virtual,6,compareTo,(byte[];short;short)
0D0E0A0D0B0E0E0F,javacardx.security.util,0,MonotonicCounter,virtual,7,compareTo,(javacardx.security.util.MonotonicCounter)
0D0E0A0D0B0E0E0F,javacardx.security.util,0,MonotonicCounter,virtual,8,equalsMax,()
0D0E0A0D0B0E0E0F,javacardx.security.derivation,0,KDFAnsiX963Spec,virtual,0,getAlgorithm,()
0D0E0A0D0B0E0E0F,javacardx.security.derivation,0,KDFAnsiX963Spec,virtual,1,getSecret,()
0D0E0A0D0B0E0E0F,javacardx.security.derivation,0,KDFAnsiX963Spec,virtual,2,getSharedInfo,()
0D0E0A0D0B0E0E0F,javacardx.security.derivation,0,KDFAnsiX963Spec,virtual,3,getOutputLength,()
0D0E0A0D0B0E0E0F,javacardx.security.derivation,1,KDFCounterModeSpec,virtual,0,getAlgorithm,()
0D0E0A0D0B0E0E0F,javacardx.security.derivation,1,KDFCounterModeSpec,virtual,1,getSecret,()
0D0E0A0D0B0E0E0F,javacardx.security.derivation,1,KDFCounterModeSpec,virtual,2,getInputDataBeforeCounter,()
0D0E0A0D0B0E0E0F,javacardx.security.derivation,1,KDFCounterModeSpec,virtual,3,getInputDataAfterCounter,()
0D0E0A0D0B0E0E0F,javacardx.security.derivation,1,KDFCounterModeSpec,virtual,4,getOutputLength,()
0D0E0A0D0B0E0E0F,javacardx.security.derivation,1,KDFCounterModeSpec,virtual,5,getCounterLength,()
0D0E0A0D0B0E0E0F,javacardx.security.derivation,2,KDFDoublePipelineIterationModeSpec,virtual,0,getAlgorithm,()
0D0E0A0D0B0E0E0F,javacardx.security.derivation,2,KDFDoublePipelineIterationModeSpec,virtual,1,getSecret,()
0D0E0A0D0B0E0E0F,javacardx.security.derivation,2,KDFDoublePipelineIterationModeSpec,virtual,2,getInputData,()
0D0E0A0D0B0E0E0F,javacardx.security.derivation,2,KDFDoublePipelineIterationModeSpec,virtual,3,getOutputLength,()
0D0E0A0D0B0E0E0F,javacardx.security.derivation,2,KDFDoublePipelineIterationModeSpec,virtual,4,getCounterLength,()
0D0E0A0D0B0E0E0F,javacardx.security.derivation,3,KDFFeedbackModeSpec,virtual,0,getAlgorithm,()
0D0E0A0D0B0E0E0F,javacardx.security.derivation,3,KDFFeedbackModeSpec,virtual,1,getSecret,()
0D0E0A0D0B0E0E0F,javacardx.security.derivation,3,KDFFeedbackModeSpec,virtual,2,getInputData,()
0D0E0A0D0B0E0E0F,javacardx.security.derivation,3,KDFFeedbackModeSpec,virtual,3,getIV,()
0D0E0A0D0B0E0E0F,javacardx.security.derivation,3,KDFFeedbackModeSpec,virtual,4,getOutputLength,()
0D0E0A0D0B0E0E0F,javacardx.security.derivation,3,KDFFeedbackModeSpec,virtual,5,getCounterLength,()
0D0E0A0D0B0E0E0F,javacardx.security.derivation,4,KDFHmacSpec,virtual,0,getAlgorithm,()
0D0E0A0D0B0E0E0F,javacardx.security.derivation,4,KDFHmacSpec,virtual,1,getSecret,()
0D0E0A0D0B0E0E0F,javacardx.security.derivation,4,KDFHmacSpec,virtual,2,getInfo,()
0D0E0A0D0B0E0E0F,javacardx.security.derivation,4,KDFHmacSpec,virtual,3,getSalt,()
0D0E0A0D0B0E0E0F,javacardx.security.derivation,4,KDFHmacSpec,virtual,4,getOutputLength,()
0D0E0A0D0B0E0E0F,javacardx.security.derivation,5,KDFIcaoMrtdSpec,virtual,0,getAlgorithm,()
0D0E0A0D0B0E0E0F,javacardx.security.derivation,5,KDFIcaoMrtdSpec,virtual,1,getSecret,()
0D0E0A0D0B0E0E0F,javacardx.security.derivation,5,KDFIcaoMrtdSpec,virtual,2,getCounter,()
0D0E0A0D0B0E0E0F,javacardx.security.derivation,6,KDFIeee1363Spec,virtual,0,getAlgorithm,()
0D0E0A0D0B0E0E0F,javacardx.security.derivation,6,KDFIeee1363Spec,virtual,1,getSecret,()
0D0E0A0D0B0E0E0F,javacardx.security.derivation,6,KDFIeee1363Spec,virtual,2,getParameters,()
0D0E0A0D0B0E0E0F,javacardx.security.derivation,7,TLSKDFExpandLabelSpec,virtual,0,getAlgorithm,()
0D0E0A0D0B0E0E0F,javacardx.security.derivation,7,TLSKDFExpandLabelSpec,virtual,1,getSecret,()
0D0E0A0D0B0E0E0F,javacardx.security.derivation,7,TLSKDFExpandLabelSpec,virtual,2,getLabelPrefix,()
0D0E0A0D0B0E0E0F,javacardx.security.derivation,7,TLSKDFExpandLabelSpec,virtual,3,getLabel,()
0D0E0A0D0B0E0E0F,javacardx.security.derivation,7,TLSKDFExpandLabelSpec,virtual,4,getContext,()
0D0E0A0D0B0E0E0F,javacardx.security.derivation,7,TLSKDFExpandLabelSpec,virtual,5,getOutputLength,()
0D0E0A0D0B0E0E0F,javacardx.security.derivation,8,TLSPseudoRandomFunctionSpec,virtual,0,getSecret,()
0D0E0A0D0B0E0E0F,javacardx.security.derivation,8,TLSPseudoRandomFunctionSpec,virtual,1,getSeed,()
0D0E0A0D0B0E0E0F,javacardx.security.derivation,9,DerivationFunction,static,1,getInstance,(short;boolean)
0D0E0A0D0B0E0E0F,javacardx.security.derivation,9,DerivationFunction,virtual,1,init,(javacard.security.AlgorithmParameterSpec)
0D0E0A0D0B0E0E0F,javacardx.security.derivation,9,DerivationFunction,virtual,2,getAlgorithm,()
0D0E0A0D0B0E0E0F,javacardx.security.derivation,9,DerivationFunction,virtual,3,nextBytes,(byte[];short;short)
0D0E0A0D0B0E0E0F,javacardx.security.derivation,9,DerivationFunction,virtual,4,nextBytes,(javacard.security.SecretKey)
0D0E0A0D0B0E0E0F,javacardx.security.derivation,9,DerivationFunction,virtual,5,lastBytes,(byte[];short;short)
0D0E0A0D0B0E0E0F,javacardx.security.derivation,9,DerivationFunction,virtual,6,lastBytes,(javacard.security.SecretKey)
0D0E0A0D0B0E0E0F,javacardx.security.derivation,10,DerivationFunction$OneShot,static,0,open,(byte)
0D0E0A0D0B0E0E0F,javacardx.security.derivation,10,DerivationFunction$OneShot,virtual,1,init,(javacard.security.AlgorithmParameterSpec)
0D0E0A0D0B0E0E0F,javacardx.security.derivation,10,DerivationFunction$OneShot,virtual,2,getAlgorithm,()
0D0E0A0D0B0E0E0F,javacardx.security.derivation,10,DerivationFunction$OneShot,virtual,3,nextBytes,(byte[];short;short)
0D0E0A0D0B0E0E0F,javacardx.security.derivation,10,DerivationFunction$OneShot,virtual,4,nextBytes,(javacard.security.SecretKey)
0D0E0A0D0B0E0E0F,javacardx.security.derivation,10,DerivationFunction$OneShot,virtual,5,lastBytes,(byte[];short;short)
0D0E0A0D0B0E0E0F,javacardx.security.derivation,10,DerivationFunction$OneShot,virtual,6,lastBytes,(javacard.security.SecretKey)
0D0E0A0D0B0E0E0F,javacardx.security.derivation,10,DerivationFunction$OneShot,virtual,7,close,()
0D0E0A0D0B0E0E0F,javacardx.security.cert,0,Certificate,virtual,0,getType,()
0D0E0A0D0B0E0E0F,javacardx.security.cert,0,Certificate,virtual,1,getPublicKey,()
0D0E0A0D0B0E0E0F,javacardx.security.cert,0,Certificate,virtual,2,verify,(javacard.security.PublicKey)
0D0E0A0D0B0E0E0F,javacardx.security.cert,1,CertificateParser$ParserHandler
0D0E0A0D0B0E0E0F,javacardx.security.cert,2,CertificateParser$KeyHandler,virtual,0,onKey,(byte;short)
0D0E0A0D0B0E0E0F,javacardx.security.cert,3,X509Certificate$ExtensionHandler,virtual,0,onExtension,(byte[];boolean;byte[])
0D0E0A0D0B0E0E0F,javacardx.security.cert,4,X509Certificate$FieldHandler,virtual,0,onField,(short;byte[])
0D0E0A0D0B0E0E0F,javacardx.security.cert,5,X509Certificate,virtual,0,getType,()
0D0E0A0D0B0E0E0F,javacardx.security.cert,5,X509Certificate,virtual,1,getPublicKey,()
0D0E0A0D0B0E0E0F,javacardx.security.cert,5,X509Certificate,virtual,2,verify,(javacard.security.PublicKey)
0D0E0A0D0B0E0E0F,javacardx.security.cert,5,X509Certificate,virtual,3,getVersion,()
0D0E0A0D0B0E0E0F,javacardx.security.cert,5,X509Certificate,virtual,4,getField,(short)
0D0E0A0D0B0E0E0F,javacardx.security.cert,5,X509Certificate,virtual,5,getExtension,(byte[];short;short)
0D0E0A0D0B0E0E0F,javacardx.security.cert,5,X509Certificate,virtual,6,getExtensions,(javacardx.security.cert.X509Certificate$ExtensionHandler)
0D0E0A0D0B0E0E0F,javacardx.security.cert,6,CertificateParser,static,0,getInstance,(short)
0D0E0A0D0B0E0E0F,javacardx.security.cert,6,CertificateParser,virtual,1,buildCert,(byte[];short;short;javacardx.security.cert.CertificateParser$ParserHandler)
0D0E0A0D0B0E0E0F,javacardx.security.cert,6,CertificateParser,virtual,2,buildCert,(byte[];short;short;javacardx.security.cert.CertificateParser$ParserHandler;javacard.security.PublicKey)
0D0E0A0D0B0E0E0F,javacardx.security.cert,6,CertificateParser,virtual,3,parseCert,(byte[];short;short;javacardx.security.cert.CertificateParser$ParserHandler)
0D0E0A0D0B0E0E0F,javacardx.security.cert,6,CertificateParser,virtual,4,parseCert,(byte[];short;short;javacardx.security.cert.CertificateParser$ParserHandler;javacard.security.PublicKey)
0D0E0A0D0B0E0E0F,javacardx.security.cert,7,CertificateException,static,1,throwIt,(short)
0D0E0A0D0B0E0E0F,javacardx.security.cert,7,CertificateException,virtual,1,getReason,()
0D0E0A0D0B0E0E0F,javacardx.security.cert,7,CertificateException,virtual,2,setReason,(short)
0D0E0A0D0B0E0E0F,javacardx.crypto,0,KeyEncryption,virtual,0,setKeyCipher,(javacardx.crypto.Cipher)
0D0E0A0D0B0E0E0F,javacardx.crypto,0,KeyEncryption,virtual,1,getKeyCipher,()
0D0E0A0D0B0E0E0F,javacardx.crypto,1,Cipher,static,0,getInstance,(byte;boolean)
0D0E0A0D0B0E0E0F,javacardx.crypto,1,Cipher,static,1,getInstance,(byte;byte;boolean)
0D0E0A0D0B0E0E0F,javacardx.crypto,1,Cipher,virtual,1,init,(javacard.security.Key;byte)
0D0E0A0D0B0E0E0F,javacardx.crypto,1,Cipher,virtual,2,init,(javacard.security.Key;byte;byte[];short;short)
0D0E0A0D0B0E0E0F,javacardx.crypto,1,Cipher,virtual,3,getAlgorithm,()
0D0E0A0D0B0E0E0F,javacardx.crypto,1,Cipher,virtual,4,getCipherAlgorithm,()
0D0E0A0D0B0E0E0F,javacardx.crypto,1,Cipher,virtual,5,getPaddingAlgorithm,()
0D0E0A0D0B0E0E0F,javacardx.crypto,1,Cipher,virtual,6,doFinal,(byte[];short;short;byte[];short)
0D0E0A0D0B0E0E0F,javacardx.crypto,1,Cipher,virtual,7,update,(byte[];short;short;byte[];short)
0D0E0A0D0B0E0E0F,javacardx.crypto,2,Cipher$OneShot,static,0,open,(byte;byte)
0D0E0A0D0B0E0E0F,javacardx.crypto,2,Cipher$OneShot,virtual,1,init,(javacard.security.Key;byte)
0D0E0A0D0B0E0E0F,javacardx.crypto,2,Cipher$OneShot,virtual,2,init,(javacard.security.Key;byte;byte[];short;short)
0D0E0A0D0B0E0E0F,javacardx.crypto,2,Cipher$OneShot,virtual,3,getAlgorithm,()
0D0E0A0D0B0E0E0F,javacardx.crypto,2,Cipher$OneShot,virtual,4,getCipherAlgorithm,()
0D0E0A0D0B0E0E0F,javacardx.crypto,2,Cipher$OneShot,virtual,5,getPaddingAlgorithm,()
0D0E0A0D0B0E0E0F,javacardx.crypto,2,Cipher$OneShot,virtual,6,doFinal,(byte[];short;short;byte[];short)
0D0E0A0D0B0E0E0F,javacardx.crypto,2,Cipher$OneShot,virtual,7,update,(byte[];short;short;byte[];short)
0D0E0A0D0B0E0E0F,javacardx.crypto,2,Cipher$OneShot,virtual,8,close,()
0D0E0A0D0B0E0E0F,javacardx.crypto,3,AEADCipher,virtual,1,init,(javacard.security.Key;byte)
0D0E0A0D0B0E0E0F,javacardx.crypto,3,AEADCipher,virtual,2,init,(javacard.security.Key;byte;byte[];short;short)
0D0E0A0D0B0E0E0F,javacardx.crypto,3,AEADCipher,virtual,3,getAlgorithm,()
0D0E0A0D0B0E0E0F,javacardx.crypto,3,AEADCipher,virtual,4,getCipherAlgorithm,()
0D0E0A0D0B0E0E0F,javacardx.crypto,3,AEADCipher,virtual,5,getPaddingAlgorithm,()
0D0E0A0D0B0E0E0F,javacardx.crypto,3,AEADCipher,virtual,6,doFinal,(byte[];short;short;byte[];short)
0D0E0A0D0B0E0E0F,javacardx.crypto,3,AEADCipher,virtual,7,update,(byte[];short;short;byte[];short)
0D0E0A0D0B0E0E0F,javacardx.crypto,3,AEADCipher,virtual,8,init,(javacard.security.Key;byte;byte[];short;short;short;short;short)
0D0E0A0D0B0E0E0F,javacardx.crypto,3,AEADCipher,virtual,9,updateAAD,(byte[];short;short)
0D0E0A0D0B0E0E0F,javacardx.crypto,3,AEADCipher,virtual,10,retrieveTag,(byte[];short;short)
0D0E0A0D0B0E0E0F,javacardx.crypto,3,AEADCipher,virtual,11,verifyTag,(byte[];short;short;short)
0D0E0A0D0B0E0E0F,javacardx.external,0,MemoryAccess,virtual,0,writeData,(byte[];short;short;byte[];short;short;short;short)
0D0E0A0D0B0E0E0F,javacardx.external,0,MemoryAccess,virtual,1,readData,(byte[];short;byte[];short;short;short;short;short)
0D0E0A0D0B0E0E0F,javacardx.external,1,Memory,static,0,getMemoryAccessInstance,(byte;short[];short)
0D0E0A0D0B0E0E0F,javacardx.external,2,ExternalException,static,1,throwIt,(short)
0D0E0A0D0B0E0E0F,javacardx.external,2,ExternalException,virtual,1,getReason,()
0D0E0A0D0B0E0E0F,javacardx.external,2,ExternalException,virtual,2,setReason,(short)
0D0E0A0D0B0E0E0F,javacardx.biometry,0,BioTemplate,virtual,0,isInitialized,()
0D0E0A0D0B0E0E0F,javacardx.biometry,0,BioTemplate,virtual,1,isValidated,()
0D0E0A0D0B0E0E0F,javacardx.biometry,0,BioTemplate,virtual,2,reset,()
0D0E0A0D0B0E0E0F,javacardx.biometry,0,BioTemplate,virtual,3,getTriesRemaining,()
0D0E0A0D0B0E0E0F,javacardx.biometry,0,BioTemplate,virtual,4,getBioType,()
0D0E0A0D0B0E0E0F,javacardx.biometry,0,BioTemplate,virtual,5,getVersion,(byte[];short)
0D0E0A0D0B0E0E0F,javacardx.biometry,0,BioTemplate,virtual,6,getPublicTemplateData,(short;byte[];short;short)
0D0E0A0D0B0E0E0F,javacardx.biometry,0,BioTemplate,virtual,7,initMatch,(byte[];short;short)
0D0E0A0D0B0E0E0F,javacardx.biometry,0,BioTemplate,virtual,8,match,(byte[];short;short)
0D0E0A0D0B0E0E0F,javacardx.biometry,1,OwnerBioTemplate,virtual,0,isInitialized,()
0D0E0A0D0B0E0E0F,javacardx.biometry,1,OwnerBioTemplate,virtual,1,isValidated,()
0D0E0A0D0B0E0E0F,javacardx.biometry,1,OwnerBioTemplate,virtual,2,reset,()
0D0E0A0D0B0E0E0F,javacardx.biometry,1,OwnerBioTemplate,virtual,3,getTriesRemaining,()
0D0E0A0D0B0E0E0F,javacardx.biometry,1,OwnerBioTemplate,virtual,4,getBioType,()
0D0E0A0D0B0E0E0F,javacardx.biometry,1,OwnerBioTemplate,virtual,5,getVersion,(byte[];short)
0D0E0A0D0B0E0E0F,javacardx.biometry,1,OwnerBioTemplate,virtual,6,getPublicTemplateData,(short;byte[];short;short)
0D0E0A0D0B0E0E0F,javacardx.biometry,1,OwnerBioTemplate,virtual,7,initMatch,(byte[];short;short)
0D0E0A0D0B0E0E0F,javacardx.biometry,1,OwnerBioTemplate,virtual,8,match,(byte[];short;short)
0D0E0A0D0B0E0E0F,javacardx.biometry,1,OwnerBioTemplate,virtual,9,init,(byte[];short;short)
0D0E0A0D0B0E0E0F,javacardx.biometry,1,OwnerBioTemplate,virtual,10,update,(byte[];short;short)
0D0E0A0D0B0E0E0F,javacardx.biometry,1,OwnerBioTemplate,virtual,11,doFinal,()
0D0E0A0D0B0E0E0F,javacardx.biometry,1,OwnerBioTemplate,virtual,12,resetUnblockAndSetTryLimit,(byte)
0D0E0A0D0B0E0E0F,javacardx.biometry,1,OwnerBioTemplate,virtual,13,clear,()
0D0E0A0D0B0E0E0F,javacardx.biometry,2,SharedBioTemplate,virtual,0,isInitialized,()
0D0E0A0D0B0E0E0F,javacardx.biometry,2,SharedBioTemplate,virtual,1,isValidated,()
0D0E0A0D0B0E0E0F,javacardx.biometry,2,SharedBioTemplate,virtual,2,reset,()
0D0E0A0D0B0E0E0F,javacardx.biometry,2,SharedBioTemplate,virtual,3,getTriesRemaining,()
0D0E0A0D0B0E0E0F,javacardx.biometry,2,SharedBioTemplate,virtual,4,getBioType,()
0D0E0A0D0B0E0E0F,javacardx.biometry,2,SharedBioTemplate,virtual,5,getVersion,(byte[];short)
0D0E0A0D0B0E0E0F,javacardx.biometry,2,SharedBioTemplate,virtual,6,getPublicTemplateData,(short;byte[];short;short)
0D0E0A0D0B0E0E0F,javacardx.biometry,2,SharedBioTemplate,virtual,7,initMatch,(byte[];short;short)
0D0E0A0D0B0E0E0F,javacardx.biometry,2,SharedBioTemplate,virtual,8,match,(byte[];short;short)
0D0E0A0D0B0E0E0F,javacardx.biometry,3,BioException,static,1,throwIt,(short)
0D0E0A0D0B0E0E0F,javacardx.biometry,3,BioException,virtual,1,getReason,()
0D0E0A0D0B0E0E0F,javacardx.biometry,3,BioException,virtual,2,setReason,(short)
0D0E0A0D0B0E0E0F,javacardx.biometry,4,BioBuilder,static,0,buildBioTemplate,(byte;byte)
0D0E0A0D0B0E0E0F,javacardx.biometry,4,BioBuilder,static,1,buildBioTemplate,(byte;byte;byte[];byte)
0D0E0A0D0B0E0E0F,java.rmi,0,Remote
0D0E0A0D0B0E0E0F,java.rmi,1,RemoteException
